trip_id,date,city_id,passenger_type,distance_travelled(km),fare_amount,passenger_rating,driver_rating
TRPJHB202508048fd59c53,2025-08-04,GP01,repeated,34,445,7,8
TRPJHB202508040679aa84,2025-08-04,GP01,new,37,481,9,8
TRPBFN20250804c21003a9,2025-08-04,FS01,new,17,154,7,7
TRPPLZ20250804c38f5967,2025-08-04,WC02,repeated,14,135,7,7
TRPDBN202508042b61ae5b,2025-08-04,KZN01,repeated,14,131,7,7
TRPNEL2025080432e04c8f,2025-08-04,MP01,new,34,333,8,8
TRPPTA2025080400914f73,2025-08-04,GP02,repeated,33,394,8,9
TRPPMB202508044e67037a,2025-08-04,KZN02,repeated,34,332,9,6
TRPBFN20250804565e0278,2025-08-04,FS01,repeated,15,138,7,6
TRPNEL20250804f08e8d28,2025-08-04,MP01,repeated,22,225,9,10
TRPJHB20250804649f859d,2025-08-04,GP01,new,26,349,9,10
TRPCPT2025080405c383f3,2025-08-04,WC01,repeated,16,170,5,8
TRPJHB20250804a7956bf8,2025-08-04,GP01,new,40,517,10,8
TRPNEL2025080483f8d9c6,2025-08-04,MP01,new,10,117,9,9
TRPJHB202508045c95d05b,2025-08-04,GP01,repeated,42,541,8,9
TRPBFN20250804c1a6367e,2025-08-04,FS01,repeated,16,146,6,8
TRPCPT202508043df7454a,2025-08-04,WC01,repeated,17,179,7,8
TRPRST202508042d0d6f48,2025-08-04,NW01,repeated,11,111,6,6
TRPJHB2025080438085875,2025-08-04,GP01,new,36,469,8,9
TRPJHB20250804e5fb425b,2025-08-04,GP01,new,26,349,10,9
TRPPMB202508048c487ef1,2025-08-04,KZN02,repeated,20,206,8,8
TRPCPT20250804285087f2,2025-08-04,WC01,repeated,6,80,5,7
TRPPLZ202508043271553a,2025-08-04,WC02,new,15,143,8,9
TRPPMB202508049636d8ee,2025-08-04,KZN02,new,30,296,10,9
TRPJHB2025080410f1a17f,2025-08-04,GP01,new,16,229,10,9
TRPBFN20250804f6b185d0,2025-08-04,FS01,repeated,14,130,5,5
TRPCPT20250804457e3f70,2025-08-04,WC01,repeated,17,179,7,8
TRPRST20250804f6c2ad6e,2025-08-04,NW01,repeated,18,167,9,7
TRPCPT20250804ce3441b6,2025-08-04,WC01,repeated,17,179,5,7
TRPCPT2025080477441b05,2025-08-04,WC01,new,18,188,8,6
TRPPTA202508045febef10,2025-08-04,GP02,repeated,23,284,9,10
TRPCPT20250804bc7cf95f,2025-08-04,WC01,repeated,11,125,5,5
TRPNEL202508045ec603db,2025-08-04,MP01,new,34,333,8,10
TRPCPT2025080479a7231f,2025-08-04,WC01,repeated,20,206,5,6
TRPPTA2025080493484f8a,2025-08-04,GP02,new,18,229,10,9
TRPJHB2025080409b0cb80,2025-08-04,GP01,new,34,445,8,9
TRPDBN202508043d2762fc,2025-08-04,KZN01,new,8,83,9,8
TRPDBN202508044081b317,2025-08-04,KZN01,repeated,8,83,5,6
TRPDBN20250804a6ed9929,2025-08-04,KZN01,repeated,16,147,6,7
TRPCPT20250804ef4f1804,2025-08-04,WC01,new,8,98,9,6
TRPPMB2025080463152feb,2025-08-04,KZN02,new,19,197,7,7
TRPCPT20250804a89bb880,2025-08-04,WC01,repeated,20,206,5,6
TRPRST20250804e27073ad,2025-08-04,NW01,new,16,151,9,8
TRPJHB2025080429181a40,2025-08-04,GP01,new,16,229,8,8
TRPCPT2025080470f19743,2025-08-04,WC01,repeated,8,98,7,6
TRPDBN20250804144a7f1d,2025-08-04,KZN01,repeated,17,155,6,7
TRPNEL20250804474507e7,2025-08-04,MP01,repeated,31,306,7,10
TRPBFN20250804c404ccbd,2025-08-04,FS01,new,5,58,7,8
TRPCPT202508049b9894c4,2025-08-04,WC01,repeated,20,206,7,6
TRPNEL202508043b362f96,2025-08-04,MP01,new,33,324,10,8
TRPCPT2025080434483107,2025-08-04,WC01,new,5,71,8,8
TRPCPT20250804b02e2191,2025-08-04,WC01,repeated,8,98,6,7
TRPBFN202508043e81b049,2025-08-04,FS01,new,15,138,9,7
TRPJHB2025080482d3d522,2025-08-04,GP01,repeated,27,361,8,9
TRPCPT20250804e18fd0c8,2025-08-04,WC01,repeated,20,206,7,7
TRPDBN202508046bf8e59b,2025-08-04,KZN01,repeated,5,59,7,7
TRPJHB20250804f9de2f01,2025-08-04,GP01,repeated,19,265,7,8
TRPDBN2025080407b8e49b,2025-08-04,KZN01,repeated,12,115,5,7
TRPPTA2025080464856e14,2025-08-04,GP02,new,38,449,8,9
TRPJHB202508047b809220,2025-08-04,GP01,repeated,21,289,8,8
TRPPMB20250804bf5580aa,2025-08-04,KZN02,new,13,143,8,7
TRPCPT2025080408ec87a1,2025-08-04,WC01,new,12,134,8,6
TRPNEL202508045412e389,2025-08-04,MP01,new,24,243,10,10
TRPJHB20250804f3ddeb42,2025-08-04,GP01,repeated,23,313,9,9
TRPCPT202508042c305daa,2025-08-04,WC01,repeated,8,98,5,5
TRPJHB20250804c449eba9,2025-08-04,GP01,repeated,41,529,9,8
TRPJHB20250804384ec3ae,2025-08-04,GP01,new,43,553,10,10
TRPDBN20250804e9117435,2025-08-04,KZN01,repeated,16,147,6,8
TRPDBN20250804d9f05a77,2025-08-04,KZN01,repeated,10,99,5,7
TRPCPT20250804474cb00c,2025-08-04,WC01,new,10,116,8,8
TRPBFN202508048e4040ec,2025-08-04,FS01,new,6,66,8,8
TRPBFN20250804e380b8e1,2025-08-04,FS01,repeated,14,130,6,7
TRPJHB2025080449c902d7,2025-08-04,GP01,new,37,481,8,8
TRPDBN20250804de79cd27,2025-08-04,KZN01,repeated,14,131,5,5
TRPPLZ2025080428cb6538,2025-08-04,WC02,repeated,16,151,6,9
TRPPLZ2025080450188e0d,2025-08-04,WC02,repeated,15,143,8,6
TRPJHB20250804f7338d6a,2025-08-04,GP01,new,24,325,9,8
TRPJHB202508041e45a35b,2025-08-04,GP01,repeated,25,337,7,8
TRPRST20250804dbcae358,2025-08-04,NW01,repeated,14,135,7,6
TRPRST20250804a37d39ef,2025-08-04,NW01,repeated,8,87,7,7
TRPPMB202508041edd5dd0,2025-08-04,KZN02,new,13,143,9,7
TRPJHB20250804fcfbc32d,2025-08-04,GP01,new,15,217,9,9
TRPNEL202508047e2fac97,2025-08-04,MP01,new,33,324,10,10
TRPCPT20250804d9fc9153,2025-08-04,WC01,new,6,80,9,8
TRPCPT20250804f837cfef,2025-08-04,WC01,repeated,11,125,7,8
TRPDBN2025080460f997d4,2025-08-04,KZN01,new,12,115,9,8
TRPCPT2025080478ce1dad,2025-08-04,WC01,repeated,20,206,7,8
TRPNEL20250804af82a3bd,2025-08-04,MP01,new,14,153,9,8
TRPCPT20250804ed4581aa,2025-08-04,WC01,repeated,19,197,6,5
TRPJHB20250804e84ae1a5,2025-08-04,GP01,new,18,253,8,8
TRPELS20250804f5c92ed4,2025-08-04,EC01,new,22,255,10,9
TRPJHB20250804c81fd5a8,2025-08-04,GP01,repeated,45,577,8,9
TRPPMB202508047263c843,2025-08-04,KZN02,repeated,15,161,9,6
TRPPLZ202508045b840f98,2025-08-04,WC02,repeated,16,151,6,9
TRPPMB20250804582c2594,2025-08-04,KZN02,repeated,31,305,7,9
TRPPLZ2025080487790e98,2025-08-04,WC02,new,12,119,10,9
TRPCPT20250804b991382b,2025-08-04,WC01,repeated,16,170,5,8
TRPPMB202508045bcd82b3,2025-08-04,KZN02,repeated,35,341,7,6
TRPBFN2025080488e8ec05,2025-08-04,FS01,new,14,130,7,6
TRPBFN20250804cd8256a7,2025-08-04,FS01,new,12,114,9,6
TRPRST20250804036935b1,2025-08-04,NW01,repeated,14,135,8,6
TRPNEL20250804e02e9a5b,2025-08-04,MP01,repeated,14,153,8,9
TRPDBN20250804b2941802,2025-08-04,KZN01,repeated,14,131,7,6
TRPCPT2025080495446ac0,2025-08-04,WC01,new,9,107,7,8
TRPPTA20250804a4e6372a,2025-08-04,GP02,repeated,37,438,8,9
TRPJHB20250804ce427d2f,2025-08-04,GP01,new,28,373,10,8
TRPDBN2025080436999b30,2025-08-04,KZN01,repeated,15,139,6,7
TRPDBN202508043ec8a088,2025-08-04,KZN01,new,6,67,7,7
TRPPMB20250804cdb35155,2025-08-04,KZN02,repeated,34,332,8,6
TRPNEL20250804d39f05b6,2025-08-04,MP01,new,15,162,9,8
TRPJHB20250804ccb96f59,2025-08-04,GP01,new,42,541,10,8
TRPRST2025080499299531,2025-08-04,NW01,new,13,127,8,7
TRPDBN20250804e981556b,2025-08-04,KZN01,repeated,14,131,7,8
TRPPLZ20250804705d5453,2025-08-04,WC02,repeated,18,167,6,7
TRPJHB2025080446efd7b2,2025-08-04,GP01,new,31,409,8,8
TRPCPT202508049ba0e47e,2025-08-04,WC01,new,16,170,9,6
TRPPTA20250804089ed4da,2025-08-04,GP02,repeated,20,251,7,9
TRPCPT20250804e57e3d2c,2025-08-04,WC01,new,10,116,8,7
TRPPMB202508046e26d253,2025-08-04,KZN02,new,22,224,10,8
TRPCPT20250804fa771193,2025-08-04,WC01,repeated,19,197,5,6
TRPJHB2025080483d43f1b,2025-08-04,GP01,repeated,40,517,7,9
TRPELS20250804bab49a67,2025-08-04,EC01,repeated,15,185,8,10
TRPJHB202508047e4787b8,2025-08-04,GP01,repeated,28,373,7,8
TRPNEL20250804bcd988b5,2025-08-04,MP01,repeated,10,117,7,10
TRPCPT20250804b66177f1,2025-08-04,WC01,new,9,107,8,8
TRPDBN202508045c6f0066,2025-08-04,KZN01,repeated,12,115,7,5
TRPBFN202508048671e1a8,2025-08-04,FS01,new,16,146,9,7
TRPJHB2025080477072c70,2025-08-04,GP01,repeated,15,217,8,10
TRPDBN20250804c64cca4d,2025-08-04,KZN01,repeated,13,123,5,6
TRPJHB2025080408f35e2e,2025-08-04,GP01,new,33,433,9,8
TRPRST20250804f0963c2c,2025-08-04,NW01,repeated,21,191,6,7
TRPJHB202508048676db8d,2025-08-04,GP01,new,43,553,9,10
TRPCPT2025080448374f79,2025-08-04,WC01,new,18,188,8,7
TRPPMB202508044135f076,2025-08-04,KZN02,repeated,16,170,6,7
TRPRST2025080400b586c9,2025-08-04,NW01,repeated,8,87,9,9
TRPPMB20250804c36c1b5e,2025-08-04,KZN02,repeated,12,134,9,8
TRPCPT2025080490e25799,2025-08-04,WC01,repeated,17,179,6,7
TRPCPT2025080471ae4f96,2025-08-04,WC01,repeated,18,188,7,6
TRPPTA20250804000d69ec,2025-08-04,GP02,new,19,240,8,9
TRPCPT20250804d29eeac4,2025-08-04,WC01,repeated,5,71,6,6
TRPRST20250804e9ef84cd,2025-08-04,NW01,new,19,175,8,7
TRPCPT202508041ee09862,2025-08-04,WC01,repeated,19,197,7,7
TRPJHB202508048d7aa509,2025-08-04,GP01,new,42,541,9,9
TRPPLZ202508042dd772ab,2025-08-04,WC02,repeated,19,175,9,9
TRPNEL20250804f8718483,2025-08-04,MP01,repeated,25,252,8,8
TRPNEL2025080457ffab40,2025-08-04,MP01,new,19,198,10,8
TRPDBN20250804b07043a3,2025-08-04,KZN01,repeated,16,147,7,7
TRPPTA20250804ea861364,2025-08-04,GP02,new,19,240,8,10
TRPPMB2025080434a0c9b4,2025-08-04,KZN02,repeated,29,287,7,6
TRPDBN20250804d2a2be90,2025-08-04,KZN01,new,11,107,8,8
TRPPMB2025080452792a92,2025-08-04,KZN02,new,31,305,7,9
TRPCPT202508045c078a45,2025-08-04,WC01,repeated,20,206,5,5
TRPJHB202508040f3ccf66,2025-08-04,GP01,repeated,37,481,8,10
TRPRST20250804816e19eb,2025-08-04,NW01,repeated,9,95,9,8
TRPCPT2025080412b13684,2025-08-04,WC01,repeated,11,125,7,8
TRPRST20250804c2ee7f0f,2025-08-04,NW01,repeated,11,111,6,9
TRPCPT20250804ea39dfca,2025-08-04,WC01,repeated,5,71,7,7
TRPCPT20250804a96e8a79,2025-08-04,WC01,repeated,8,98,6,6
TRPPMB2025080474b62d55,2025-08-04,KZN02,new,34,332,7,7
TRPCPT20250804f0f8d600,2025-08-04,WC01,repeated,10,116,6,8
TRPCPT20250804691ae82c,2025-08-04,WC01,repeated,12,134,5,5
TRPDBN20250804929fc92a,2025-08-04,KZN01,repeated,8,83,7,5
TRPPMB2025080433122c10,2025-08-04,KZN02,new,22,224,7,9
TRPDBN20250804467ff1d2,2025-08-04,KZN01,repeated,13,123,6,6
TRPPMB20250804ad2aef55,2025-08-04,KZN02,repeated,28,278,7,8
TRPPLZ20250804f469d170,2025-08-04,WC02,repeated,10,103,6,8
TRPJHB202508047b337fe4,2025-08-04,GP01,new,30,397,9,9
TRPJHB20250804e6b3a54a,2025-08-04,GP01,new,21,289,9,10
TRPCPT2025080466a7498f,2025-08-04,WC01,new,16,170,9,7
TRPPMB20250804d7fee26e,2025-08-04,KZN02,repeated,22,224,6,6
TRPELS2025080441ed2516,2025-08-04,EC01,new,9,125,8,10
TRPELS202508042ccfe46d,2025-08-04,EC01,new,11,145,8,9
TRPNEL20250804f91962d2,2025-08-04,MP01,new,19,198,10,9
TRPJHB2025080431f15558,2025-08-04,GP01,new,38,493,9,10
TRPJHB20250804f5cd11a6,2025-08-04,GP01,repeated,35,457,8,9
TRPPLZ2025080402c25cff,2025-08-04,WC02,repeated,16,151,8,8
TRPCPT20250804b941efd9,2025-08-04,WC01,repeated,15,161,5,5
TRPDBN202508041ccd5ffe,2025-08-04,KZN01,new,6,67,9,7
TRPRST2025080464208a1d,2025-08-04,NW01,new,18,167,7,7
TRPPTA20250804c83bdfec,2025-08-04,GP02,new,18,229,9,10
TRPCPT202508047c3717fd,2025-08-04,WC01,new,6,80,8,7
TRPCPT202508044d159fc7,2025-08-04,WC01,new,8,98,7,6
TRPCPT2025080470d7f835,2025-08-04,WC01,repeated,6,80,5,6
TRPPMB20250804fadd48b7,2025-08-04,KZN02,repeated,27,269,8,9
TRPCPT20250804a9db8ca6,2025-08-04,WC01,repeated,11,125,7,6
TRPCPT2025080434c4d5ec,2025-08-04,WC01,repeated,12,134,6,8
TRPJHB20250804c118cc0e,2025-08-04,GP01,new,27,361,8,9
TRPPMB202508040065c344,2025-08-04,KZN02,repeated,26,260,6,8
TRPJHB20250804a45b368f,2025-08-04,GP01,new,32,421,8,9
TRPPTA20250804e942fd6c,2025-08-04,GP02,repeated,37,438,8,8
TRPBFN202508042cf2486c,2025-08-04,FS01,repeated,8,82,5,6
TRPPTA202508045790c985,2025-08-04,GP02,repeated,30,361,7,8
TRPPLZ202508047ce8399e,2025-08-04,WC02,new,12,119,7,8
TRPRST20250804b5026e89,2025-08-04,NW01,new,16,151,7,9
TRPDBN20250804a108cf35,2025-08-04,KZN01,repeated,7,75,5,7
TRPCPT202508042ba09c15,2025-08-04,WC01,repeated,11,125,5,6
TRPCPT202508040f7540ff,2025-08-04,WC01,repeated,12,134,6,8
TRPPMB20250804748d4c47,2025-08-04,KZN02,repeated,17,179,7,7
TRPBFN20250804b1241dfe,2025-08-04,FS01,repeated,11,106,7,6
TRPJHB20250804dd80a2c1,2025-08-04,GP01,new,38,493,10,8
TRPPLZ202508044bf85f9e,2025-08-04,WC02,new,12,119,8,9
TRPDBN20250804c8c91ea2,2025-08-04,KZN01,new,14,131,8,7
TRPNEL20250804b5416a20,2025-08-04,MP01,new,16,171,8,10
TRPJHB20250804ae551297,2025-08-04,GP01,repeated,16,229,7,10
TRPCPT20250804d7fcc08f,2025-08-04,WC01,repeated,18,188,5,8
TRPPLZ20250804d58b926f,2025-08-04,WC02,repeated,8,87,9,9
TRPJHB20250804b4adc8fe,2025-08-04,GP01,new,16,229,10,10
TRPDBN2025080475fb123e,2025-08-04,KZN01,repeated,17,155,5,5
TRPCPT202508046913f45a,2025-08-04,WC01,repeated,17,179,7,6
TRPJHB20250804ca98f1d8,2025-08-04,GP01,new,31,409,10,8
TRPPTA20250804cac35109,2025-08-04,GP02,repeated,23,284,9,9
TRPJHB2025080400fbe5b9,2025-08-04,GP01,repeated,15,217,9,10
TRPPLZ202508047342dcf5,2025-08-04,WC02,repeated,22,199,9,6
TRPBFN202508048357279c,2025-08-04,FS01,repeated,17,154,5,6
TRPCPT20250804a3908567,2025-08-04,WC01,repeated,15,161,6,5
TRPDBN20250804114f7ed6,2025-08-04,KZN01,repeated,7,75,7,8
TRPPMB20250804b0b096d5,2025-08-04,KZN02,new,23,233,7,7
TRPCPT2025080486b546ec,2025-08-04,WC01,repeated,14,152,7,5
TRPDBN20250804901c0b7f,2025-08-04,KZN01,new,9,91,9,7
TRPJHB20250804268961aa,2025-08-04,GP01,new,22,301,8,8
TRPJHB20250804268a5959,2025-08-04,GP01,new,36,469,8,9
TRPDBN20250804511447d9,2025-08-04,KZN01,repeated,17,155,7,5
TRPJHB20250804d1ed538d,2025-08-04,GP01,repeated,26,349,8,8
TRPJHB202508041b9badf2,2025-08-04,GP01,repeated,43,553,7,9
TRPNEL20250804ab231bd7,2025-08-04,MP01,repeated,32,315,8,8
TRPCPT202508046e5c033b,2025-08-04,WC01,repeated,11,125,7,5
TRPPMB20250804ba3a3f0c,2025-08-04,KZN02,new,13,143,10,8
TRPBFN202508041cf49ae6,2025-08-04,FS01,repeated,14,130,5,8
TRPCPT202508042295fe64,2025-08-04,WC01,repeated,20,206,4,4
TRPPMB202508049cb4ca5f,2025-08-04,KZN02,new,15,161,9,8
TRPCPT20250804827df3c8,2025-08-04,WC01,repeated,18,188,6,6
TRPJHB202508047bdda3d7,2025-08-04,GP01,new,31,409,9,10
TRPJHB2025080409511dae,2025-08-04,GP01,repeated,29,385,7,10
TRPPMB202508041fc4739d,2025-08-04,KZN02,new,29,287,10,8
TRPPTA202508048bbb695a,2025-08-04,GP02,new,17,218,9,8
TRPDBN2025080415fd2bdc,2025-08-04,KZN01,repeated,8,83,5,8
TRPPLZ20250804df9e1f1f,2025-08-04,WC02,new,17,159,9,9
TRPCPT20250804a6398ac6,2025-08-04,WC01,repeated,13,143,5,7
TRPCPT202508049be371f3,2025-08-04,WC01,repeated,8,98,5,5
TRPCPT202508045ab88f13,2025-08-04,WC01,repeated,14,152,5,8
TRPCPT20250804719e22fa,2025-08-04,WC01,repeated,10,116,5,8
TRPJHB20250804cc137389,2025-08-04,GP01,repeated,16,229,7,9
TRPDBN20250804e639fae0,2025-08-04,KZN01,repeated,17,155,7,8
TRPRST202508048c701299,2025-08-04,NW01,new,20,183,10,7
TRPELS20250804d8ab22c8,2025-08-04,EC01,new,18,215,10,9
TRPCPT2025080411528a48,2025-08-04,WC01,repeated,9,107,6,7
TRPCPT20250804b6fa6308,2025-08-04,WC01,new,13,143,8,6
TRPCPT20250804dfff883a,2025-08-04,WC01,new,6,80,8,7
TRPPTA202508041be7c298,2025-08-04,GP02,new,36,427,9,8
TRPDBN202508047cb5abba,2025-08-04,KZN01,repeated,9,91,6,7
TRPRST20250804ee9137fb,2025-08-04,NW01,new,15,143,7,7
TRPNEL20250804967c5eb7,2025-08-04,MP01,new,18,189,9,8
TRPCPT20250804dbb633f8,2025-08-04,WC01,repeated,5,71,7,7
TRPCPT2025080486499242,2025-08-04,WC01,new,12,134,7,7
TRPDBN20250804067f10da,2025-08-04,KZN01,repeated,13,123,6,6
TRPCPT20250804d03d83a5,2025-08-04,WC01,new,5,71,7,6
TRPCPT2025080411ae6d01,2025-08-04,WC01,repeated,19,197,6,5
TRPPMB202508048388ff1c,2025-08-04,KZN02,new,32,314,7,8
TRPCPT20250804c0411237,2025-08-04,WC01,repeated,6,80,6,6
TRPJHB20250804688b63b2,2025-08-04,GP01,repeated,31,409,7,9
TRPPLZ20250804a8118ab6,2025-08-04,WC02,repeated,20,183,7,7
TRPJHB2025080456b450dd,2025-08-04,GP01,repeated,33,433,8,8
TRPCPT202508045fb464d3,2025-08-04,WC01,repeated,14,152,5,8
TRPDBN202508040df80706,2025-08-04,KZN01,repeated,5,59,5,8
TRPCPT20250804a464a14f,2025-08-04,WC01,repeated,5,71,7,6
TRPCPT202508041013d69e,2025-08-04,WC01,new,13,143,8,7
TRPCPT202508041d47d384,2025-08-04,WC01,repeated,9,107,7,5
TRPDBN202508044363fd8d,2025-08-04,KZN01,repeated,5,59,5,6
TRPPLZ20250804073eafbd,2025-08-04,WC02,repeated,18,167,8,6
TRPPTA2025080455e65c2f,2025-08-04,GP02,new,19,240,8,10
TRPPTA20250804b8b4c858,2025-08-04,GP02,repeated,25,306,7,8
TRPCPT2025080442b4c6c3,2025-08-04,WC01,repeated,19,197,6,7
TRPNEL2025080432102a81,2025-08-04,MP01,new,34,333,8,8
TRPPMB2025080483112cc5,2025-08-04,KZN02,new,28,278,8,9
TRPCPT20250804ea73012f,2025-08-04,WC01,new,5,71,9,7
TRPPTA2025080451d41030,2025-08-04,GP02,repeated,28,339,9,10
TRPPTA2025080421c3da6f,2025-08-04,GP02,repeated,34,405,8,9
TRPBFN20250804753a8ed8,2025-08-04,FS01,repeated,17,154,6,7
TRPPLZ2025080499517a79,2025-08-04,WC02,new,15,143,10,8
TRPBFN20250804cb7170e7,2025-08-04,FS01,new,5,58,7,8
TRPCPT20250804de5c7a10,2025-08-04,WC01,repeated,9,107,7,8
TRPBFN20250804805c0ae7,2025-08-04,FS01,repeated,11,106,7,5
TRPJHB202508040eb87bf1,2025-08-04,GP01,repeated,23,313,9,9
TRPPTA20250804c1e92c27,2025-08-04,GP02,repeated,23,284,8,9
TRPBFN202508044420a55a,2025-08-04,FS01,repeated,6,66,5,7
TRPPLZ2025080435151fd5,2025-08-04,WC02,repeated,13,127,8,7
TRPDBN202508042c9cf877,2025-08-04,KZN01,new,11,107,8,6
TRPDBN2025080483e0c7ab,2025-08-04,KZN01,repeated,14,131,5,6
TRPBFN202508040b5cf698,2025-08-04,FS01,repeated,18,162,6,8
TRPCPT20250804496dd168,2025-08-04,WC01,repeated,9,107,5,6
TRPJHB202508049e0075f6,2025-08-04,GP01,repeated,17,241,8,9
TRPDBN20250804768f2686,2025-08-04,KZN01,repeated,7,75,5,5
TRPDBN202508044fee02ce,2025-08-04,KZN01,repeated,8,83,5,6
TRPCPT202508049aa2ee26,2025-08-04,WC01,repeated,16,170,5,6
TRPRST202508040048040f,2025-08-04,NW01,repeated,20,183,6,7
TRPJHB2025080497ee3f24,2025-08-04,GP01,new,23,313,8,9
TRPPTA20250804503ee67a,2025-08-04,GP02,new,30,361,10,8
TRPPMB202508046791f354,2025-08-04,KZN02,new,32,314,8,7
TRPNEL20250804ab1ab468,2025-08-04,MP01,new,29,288,10,10
TRPJHB202508042753bbd1,2025-08-04,GP01,new,21,289,10,8
TRPCPT20250804803a4895,2025-08-04,WC01,repeated,19,197,7,8
TRPPLZ202508043c7088d4,2025-08-04,WC02,repeated,16,151,9,6
TRPPTA202508044570977b,2025-08-04,GP02,new,35,416,10,8
TRPPLZ20250804f02c42ef,2025-08-04,WC02,new,8,87,8,7
TRPDBN20250804325c4276,2025-08-04,KZN01,repeated,17,155,6,6
TRPJHB202508043e3bf83d,2025-08-04,GP01,new,31,409,9,9
TRPPMB202508042ec628d0,2025-08-04,KZN02,repeated,33,323,6,6
TRPPTA202508041db420e7,2025-08-04,GP02,new,14,185,8,10
TRPPTA202508040094e83c,2025-08-04,GP02,new,33,394,9,9
TRPNEL20250804c02ff14f,2025-08-04,MP01,repeated,21,216,7,8
TRPBFN2025080432dd72f0,2025-08-04,FS01,new,6,66,8,6
TRPCPT20250804fbda39c3,2025-08-04,WC01,repeated,9,107,7,8
TRPDBN20250804fc7adce3,2025-08-04,KZN01,repeated,5,59,5,7
TRPNEL2025080402c547f7,2025-08-04,MP01,repeated,15,162,8,9
TRPRST20250804461bba3a,2025-08-04,NW01,new,10,103,8,9
TRPPTA202508043f3716db,2025-08-04,GP02,new,38,449,10,9
TRPDBN20250804c9a24bc6,2025-08-04,KZN01,repeated,11,107,7,5
TRPDBN20250804dee1c7ea,2025-08-04,KZN01,repeated,14,131,5,5
TRPDBN202508044a5d7f62,2025-08-04,KZN01,repeated,9,91,7,7
TRPJHB20250804f558d241,2025-08-04,GP01,repeated,40,517,7,9
TRPNEL202508040589fe72,2025-08-04,MP01,new,24,243,10,9
TRPCPT20250804e7164d4c,2025-08-04,WC01,repeated,11,125,6,7
TRPDBN20250804501bbb23,2025-08-04,KZN01,repeated,14,131,6,8
TRPPTA202508048d915388,2025-08-04,GP02,repeated,26,317,9,8
TRPRST202508046dcdf946,2025-08-04,NW01,repeated,11,111,8,7
TRPDBN202508047b13d4aa,2025-08-04,KZN01,repeated,10,99,5,6
TRPJHB20250804ef899fe5,2025-08-04,GP01,new,26,349,10,10
TRPPTA2025080456950675,2025-08-04,GP02,new,27,328,8,10
TRPPTA202508048b818e2d,2025-08-04,GP02,new,11,152,9,8
TRPPMB202508040c1e0af9,2025-08-04,KZN02,new,21,215,9,9
TRPDBN20250804231413c9,2025-08-04,KZN01,repeated,9,91,6,8
TRPPMB2025080443c216be,2025-08-04,KZN02,repeated,12,134,9,6
TRPNEL20250804fb84760a,2025-08-04,MP01,new,25,252,8,9
TRPJHB202508041d5af78a,2025-08-04,GP01,new,21,289,8,8
TRPDBN20250804ebb24ff2,2025-08-04,KZN01,repeated,7,75,6,7
TRPPTA20250804704d2aed,2025-08-04,GP02,new,31,372,9,10
TRPJHB20250804205cd29b,2025-08-04,GP01,repeated,18,253,9,8
TRPRST20250804643e9e68,2025-08-04,NW01,repeated,20,183,6,8
TRPCPT20250804a6c7a1a2,2025-08-04,WC01,repeated,17,179,7,6
TRPDBN20250804d3561ef0,2025-08-04,KZN01,repeated,13,123,6,6
TRPJHB20250804a5b2e58c,2025-08-04,GP01,new,28,373,10,9
TRPRST20250804b36f76a8,2025-08-04,NW01,repeated,15,143,9,9
TRPCPT20250804b1c64921,2025-08-04,WC01,repeated,14,152,6,6
TRPCPT202508049b6a105e,2025-08-04,WC01,new,5,71,8,8
TRPDBN20250804c541062d,2025-08-04,KZN01,new,8,83,8,8
TRPJHB20250804e52d9ac3,2025-08-04,GP01,repeated,45,577,9,8
TRPJHB20250804bc4615c0,2025-08-04,GP01,new,35,457,10,10
TRPPMB202508045aefae9e,2025-08-04,KZN02,repeated,29,287,9,7
TRPPLZ202508048ff210fd,2025-08-04,WC02,repeated,24,215,7,6
TRPPMB20250804f6e537b5,2025-08-04,KZN02,new,26,260,10,8
TRPCPT20250804513e6327,2025-08-04,WC01,repeated,5,71,7,8
TRPELS202508046b78976d,2025-08-04,EC01,new,15,185,8,8
TRPJHB20250804c164b83c,2025-08-04,GP01,new,26,349,9,10
TRPJHB20250804df6ffef7,2025-08-04,GP01,new,39,505,10,10
TRPBFN202508045663d73c,2025-08-04,FS01,new,9,90,7,6
TRPDBN2025080439055934,2025-08-04,KZN01,repeated,9,91,6,5
TRPCPT202508045a385887,2025-08-04,WC01,repeated,7,89,6,5
TRPPMB20250804c16b33ed,2025-08-04,KZN02,repeated,17,179,7,7
TRPCPT202508044413cbbb,2025-08-04,WC01,new,20,206,7,8
TRPPTA202508045251caef,2025-08-04,GP02,new,38,449,8,10
TRPNEL2025080427643466,2025-08-04,MP01,new,19,198,10,9
TRPPMB2025080455f0b94b,2025-08-04,KZN02,new,29,287,7,7
TRPRST20250804be00f3bf,2025-08-04,NW01,repeated,8,87,6,9
TRPNEL20250804173da5d5,2025-08-04,MP01,new,30,297,8,8
TRPCPT2025080472306888,2025-08-04,WC01,new,12,134,7,8
TRPPMB2025080415e225bd,2025-08-04,KZN02,new,26,260,10,9
TRPBFN202508048ced28f4,2025-08-04,FS01,repeated,7,74,7,8
TRPPLZ20250804954fd08e,2025-08-04,WC02,repeated,21,191,8,8
TRPDBN202508048c54df6a,2025-08-04,KZN01,repeated,12,115,7,5
TRPPLZ20250804ae5694b4,2025-08-04,WC02,repeated,24,215,7,6
TRPPMB2025080461d7fb75,2025-08-04,KZN02,repeated,13,143,6,6
TRPDBN2025080477f54fed,2025-08-04,KZN01,repeated,11,107,5,8
TRPNEL20250804e2c7cba3,2025-08-04,MP01,repeated,24,243,9,9
TRPPLZ202508043d1ea53b,2025-08-04,WC02,new,8,87,7,8
TRPJHB202508045c38b301,2025-08-04,GP01,repeated,26,349,9,8
TRPRST202508042ea66c81,2025-08-04,NW01,repeated,14,135,9,8
TRPBFN2025080410cb2f40,2025-08-04,FS01,repeated,14,130,7,5
TRPJHB202508040c1d6bf3,2025-08-04,GP01,repeated,28,373,8,10
TRPBFN202508041716173d,2025-08-04,FS01,repeated,15,138,7,7
TRPNEL202508044cbe15ad,2025-08-04,MP01,repeated,11,126,7,8
TRPCPT2025080474285324,2025-08-04,WC01,repeated,15,161,6,7
TRPCPT20250804ce23b17c,2025-08-04,WC01,repeated,11,125,6,6
TRPPTA202508048a2fae43,2025-08-04,GP02,new,12,163,8,8
TRPPTA202508048682ae1c,2025-08-04,GP02,new,30,361,9,10
TRPPMB2025080462ddabee,2025-08-04,KZN02,new,33,323,10,7
TRPJHB202508049e4645fe,2025-08-04,GP01,repeated,28,373,7,8
TRPPLZ20250804d766b45a,2025-08-04,WC02,new,23,207,7,8
TRPPMB20250804a4aad6de,2025-08-04,KZN02,repeated,26,260,9,8
TRPJHB20250804b3f69f1c,2025-08-04,GP01,repeated,25,337,9,10
TRPDBN20250804323a50b8,2025-08-04,KZN01,new,8,83,8,7
TRPBFN20250804e9a98390,2025-08-04,FS01,repeated,6,66,5,7
TRPJHB20250804c944e1a9,2025-08-04,GP01,new,16,229,9,9
TRPCPT20250804b27842c1,2025-08-04,WC01,repeated,12,134,5,5
TRPDBN20250804acaa6c54,2025-08-04,KZN01,new,7,75,8,7
TRPCPT202508040ad416cc,2025-08-04,WC01,new,6,80,7,6
TRPDBN20250804714dd1e0,2025-08-04,KZN01,new,10,99,8,8
TRPCPT20250804d7f039ed,2025-08-04,WC01,repeated,16,170,6,5
TRPCPT202508045a978eeb,2025-08-04,WC01,repeated,19,197,6,6
TRPPLZ202508042cc495f9,2025-08-04,WC02,repeated,16,151,7,7
TRPRST202508044fa1e737,2025-08-04,NW01,repeated,12,119,7,9
TRPJHB20250804b391fe10,2025-08-04,GP01,new,42,541,10,9
TRPCPT2025080418b2b5c9,2025-08-04,WC01,repeated,12,134,5,8
TRPJHB20250804c00f054f,2025-08-04,GP01,repeated,31,409,8,10
TRPELS202508042d79b603,2025-08-04,EC01,new,11,145,9,9
TRPRST202508049c3774ec,2025-08-04,NW01,repeated,8,87,8,7
TRPCPT2025080440c8b671,2025-08-04,WC01,new,13,143,7,6
TRPDBN202508048c1151aa,2025-08-04,KZN01,repeated,12,115,7,8
TRPPTA2025080408530de0,2025-08-04,GP02,new,18,229,9,9
TRPDBN2025080446239a8a,2025-08-04,KZN01,repeated,13,123,6,6
TRPJHB20250804683308f3,2025-08-04,GP01,repeated,29,385,8,10
TRPCPT202508047adf534c,2025-08-04,WC01,repeated,17,179,7,7
TRPRST2025080404a27e3f,2025-08-04,NW01,repeated,9,95,6,7
TRPDBN20250804f95f6434,2025-08-04,KZN01,repeated,6,67,6,7
TRPJHB20250804343aa16b,2025-08-04,GP01,new,44,565,8,9
TRPBFN202508049d6af0ce,2025-08-04,FS01,new,8,82,7,7
TRPJHB20250804ab31fb26,2025-08-04,GP01,new,29,385,8,9
TRPNEL202508044b31aa37,2025-08-04,MP01,new,20,207,9,9
TRPPLZ202508043c5a2e53,2025-08-04,WC02,new,25,223,8,7
TRPPTA20250804b5bbdbf4,2025-08-04,GP02,new,11,152,10,8
TRPJHB202508043e7a0f5a,2025-08-04,GP01,new,34,445,8,8
TRPPTA2025080491538db9,2025-08-04,GP02,repeated,28,339,9,9
TRPBFN20250804c3b1c4e6,2025-08-04,FS01,new,10,98,7,7
TRPDBN2025080407f1f6eb,2025-08-04,KZN01,new,13,123,8,7
TRPCPT20250804720d8330,2025-08-04,WC01,repeated,18,188,5,7
TRPCPT20250804f4c51adc,2025-08-04,WC01,repeated,12,134,6,8
TRPDBN20250804b1d7c003,2025-08-04,KZN01,repeated,15,139,7,7
TRPJHB20250804b3f42eae,2025-08-04,GP01,new,26,349,9,8
TRPBFN202508044d135983,2025-08-04,FS01,repeated,7,74,7,6
TRPJHB202508048ad0f9c2,2025-08-04,GP01,new,25,337,8,10
TRPDBN20250804ce7cd930,2025-08-04,KZN01,repeated,5,59,5,5
TRPCPT20250804a50fec54,2025-08-04,WC01,repeated,7,89,5,7
TRPPMB20250804eb23a9f7,2025-08-04,KZN02,new,32,314,9,9
TRPPLZ202508047fe7af9d,2025-08-04,WC02,repeated,15,143,9,7
TRPRST20250804aee962d9,2025-08-04,NW01,new,21,191,10,8
TRPDBN20250804345f0e15,2025-08-04,KZN01,new,7,75,9,6
TRPPMB202508048643f9ef,2025-08-04,KZN02,new,17,179,10,8
TRPPLZ20250804c348e288,2025-08-04,WC02,new,22,199,9,9
TRPPMB20250804c1c108fd,2025-08-04,KZN02,repeated,29,287,6,8
TRPJHB20250804295f34c9,2025-08-04,GP01,new,33,433,9,9
TRPPTA20250804c89c0501,2025-08-04,GP02,repeated,15,196,8,8
TRPRST202508041babd84d,2025-08-04,NW01,new,14,135,8,8
TRPCPT20250804fa87185e,2025-08-04,WC01,repeated,6,80,7,6
TRPNEL20250804d5967427,2025-08-04,MP01,repeated,30,297,9,8
TRPPTA202508047595f928,2025-08-04,GP02,new,33,394,9,8
TRPPTA2025080484d5bb71,2025-08-04,GP02,new,33,394,8,8
TRPNEL202508042bdf8364,2025-08-04,MP01,repeated,18,189,8,10
TRPRST202508041a63565c,2025-08-04,NW01,repeated,18,167,6,8
TRPPLZ2025080464c0d6da,2025-08-04,WC02,new,10,103,9,9
TRPJHB20250804ecd1d4de,2025-08-04,GP01,repeated,31,409,9,10
TRPCPT20250804e2ac7d5d,2025-08-04,WC01,repeated,7,89,5,8
TRPRST202508048ec2d248,2025-08-04,NW01,repeated,14,135,8,7
TRPCPT2025080433b47f18,2025-08-04,WC01,repeated,8,98,7,7
TRPJHB20250804b241eb8b,2025-08-04,GP01,repeated,19,265,7,9
TRPCPT202508046bdd461c,2025-08-04,WC01,new,20,206,7,7
TRPBFN20250804a76b2778,2025-08-04,FS01,repeated,17,154,6,8
TRPCPT202508040406878e,2025-08-04,WC01,repeated,15,161,6,7
TRPNEL20250804195f8b37,2025-08-04,MP01,new,25,252,10,8
TRPJHB2025080461f31593,2025-08-04,GP01,repeated,43,553,9,9
TRPELS20250804895dcf1d,2025-08-04,EC01,new,14,175,10,8
TRPJHB2025080429e15e4f,2025-08-04,GP01,new,38,493,10,8
TRPCPT202508045d099e7f,2025-08-04,WC01,repeated,18,188,7,6
TRPCPT20250804851d4637,2025-08-04,WC01,repeated,16,170,5,6
TRPRST202508048d241a34,2025-08-04,NW01,repeated,21,191,6,6
TRPBFN20250804f7e56bf5,2025-08-04,FS01,repeated,16,146,7,6
TRPRST2025080478e3ca6c,2025-08-04,NW01,repeated,21,191,7,9
TRPDBN20250804ab58792c,2025-08-04,KZN01,repeated,16,147,6,5
TRPCPT20250804064fbe37,2025-08-04,WC01,repeated,12,134,6,6
TRPNEL20250804c2c39160,2025-08-04,MP01,new,35,342,9,9
TRPJHB2025080421acbec8,2025-08-04,GP01,new,33,433,10,10
TRPDBN20250804b62ebb6b,2025-08-04,KZN01,new,17,155,8,7
TRPELS2025080476591ff7,2025-08-04,EC01,new,23,265,10,8
TRPCPT20250804fd88596d,2025-08-04,WC01,repeated,10,116,7,8
TRPCPT2025080411c8450a,2025-08-04,WC01,new,16,170,9,6
TRPBFN202508044bbb6cb1,2025-08-04,FS01,repeated,13,122,6,5
TRPDBN202508041948291b,2025-08-04,KZN01,new,7,75,8,8
TRPPTA20250804703be3bf,2025-08-04,GP02,new,25,306,9,8
TRPPMB202508042b5974a1,2025-08-04,KZN02,new,26,260,7,7
TRPDBN202508047df9d400,2025-08-04,KZN01,repeated,17,155,5,6
TRPPTA2025080467db7dd8,2025-08-04,GP02,repeated,29,350,7,10
TRPPMB2025080432ac2a9d,2025-08-04,KZN02,repeated,19,197,6,6
TRPDBN20250804408ec558,2025-08-04,KZN01,repeated,10,99,7,5
TRPPLZ20250804b4d19d34,2025-08-04,WC02,repeated,13,127,9,9
TRPRST20250804c363cff9,2025-08-04,NW01,repeated,18,167,6,7
TRPDBN20250804cab0083d,2025-08-04,KZN01,repeated,14,131,6,8
TRPCPT20250804656ec54f,2025-08-04,WC01,new,17,179,7,8
TRPJHB2025080418c84511,2025-08-04,GP01,repeated,21,289,8,10
TRPDBN20250804a5e8268a,2025-08-04,KZN01,repeated,14,131,6,7
TRPPMB20250804da6798b4,2025-08-04,KZN02,new,20,206,7,8
TRPCPT20250804a7213c33,2025-08-04,WC01,repeated,12,134,7,8
TRPBFN2025080477c01d31,2025-08-04,FS01,repeated,11,106,5,7
TRPDBN20250804824fbb6e,2025-08-04,KZN01,repeated,13,123,5,8
TRPDBN20250804176638c1,2025-08-04,KZN01,repeated,15,139,7,5
TRPDBN202508048b7a0519,2025-08-04,KZN01,repeated,10,99,6,6
TRPDBN202508048ebae49f,2025-08-04,KZN01,repeated,12,115,7,5
TRPBFN20250804536cf0c3,2025-08-04,FS01,new,6,66,9,8
TRPCPT202508042dd8cd29,2025-08-04,WC01,repeated,9,107,5,8
TRPDBN20250804956b3eef,2025-08-04,KZN01,repeated,15,139,5,6
TRPPMB20250804be9800a8,2025-08-04,KZN02,new,19,197,9,7
TRPJHB20250804647b2376,2025-08-04,GP01,new,18,253,8,10
TRPNEL202508049a29867b,2025-08-04,MP01,repeated,19,198,9,9
TRPDBN202508047c9fe0a6,2025-08-04,KZN01,repeated,11,107,7,8
TRPPLZ202508040c6b2361,2025-08-04,WC02,repeated,24,215,9,7
TRPCPT202508042d96c45c,2025-08-04,WC01,repeated,9,107,5,5
TRPJHB20250804c3150b04,2025-08-04,GP01,repeated,22,301,9,9
TRPCPT20250804533397a1,2025-08-04,WC01,repeated,13,143,5,8
TRPPMB202508041d3ca2a0,2025-08-04,KZN02,repeated,15,161,6,7
TRPCPT20250804c96d0cc9,2025-08-04,WC01,repeated,19,197,7,8
TRPNEL2025080477e815bb,2025-08-04,MP01,repeated,14,153,9,9
TRPPTA2025080450b0bad3,2025-08-04,GP02,repeated,36,427,9,8
TRPPMB20250804b4ac278e,2025-08-04,KZN02,repeated,20,206,8,8
TRPRST2025080481ab50dc,2025-08-04,NW01,repeated,16,151,6,9
TRPCPT2025080457a43e0e,2025-08-04,WC01,new,20,206,8,8
TRPPTA202508044a85ab25,2025-08-04,GP02,repeated,32,383,8,9
TRPRST20250804bcad3c2f,2025-08-04,NW01,repeated,20,183,8,9
TRPRST2025080430e04908,2025-08-04,NW01,repeated,12,119,8,6
TRPCPT202508043ead04c5,2025-08-04,WC01,new,11,125,8,6
TRPELS2025080447a6343d,2025-08-04,EC01,new,9,125,8,9
TRPDBN202508046f192ee8,2025-08-04,KZN01,repeated,10,99,7,8
TRPRST20250804a4446c07,2025-08-04,NW01,repeated,10,103,7,7
TRPPLZ20250804997a8b10,2025-08-04,WC02,repeated,19,175,9,7
TRPJHB20250804a75d0d78,2025-08-04,GP01,repeated,32,421,9,8
TRPCPT20250804536e6035,2025-08-04,WC01,new,11,125,9,7
TRPDBN20250804681cad47,2025-08-04,KZN01,repeated,14,131,6,7
TRPNEL2025080419f08e5a,2025-08-04,MP01,new,20,207,8,10
TRPPMB20250804c01b9027,2025-08-04,KZN02,new,27,269,9,8
TRPCPT202508042a62c491,2025-08-04,WC01,repeated,12,134,7,5
TRPCPT202508048adbd6e6,2025-08-04,WC01,repeated,9,107,7,5
TRPBFN202508042a6fa478,2025-08-04,FS01,new,18,162,9,6
TRPCPT202508046bcfa992,2025-08-04,WC01,repeated,19,197,6,7
TRPJHB20250804bf8cbaf3,2025-08-04,GP01,new,31,409,8,9
TRPELS20250804c01be892,2025-08-04,EC01,new,11,145,10,10
TRPCPT20250804cfce0bb2,2025-08-04,WC01,repeated,16,170,5,8
TRPJHB2025080418f1f691,2025-08-04,GP01,new,41,529,9,10
TRPPTA20250804694a80b2,2025-08-04,GP02,new,27,328,8,8
TRPJHB20250804c62c3b0a,2025-08-04,GP01,new,30,397,8,10
TRPPLZ20250804adf45e77,2025-08-04,WC02,repeated,12,119,6,9
TRPPTA202508049b474caa,2025-08-04,GP02,repeated,36,427,9,8
TRPJHB20250804dfaa2c82,2025-08-04,GP01,new,25,337,10,10
TRPJHB20250804e492712f,2025-08-04,GP01,repeated,22,301,8,8
TRPPLZ202508046ca7482f,2025-08-04,WC02,new,9,95,8,9
TRPDBN20250804b5a71bed,2025-08-04,KZN01,repeated,5,59,6,6
TRPJHB202508049649f8f5,2025-08-04,GP01,new,44,565,9,10
TRPPTA202508046a20a528,2025-08-04,GP02,repeated,21,262,7,9
TRPPTA20250804eb130565,2025-08-04,GP02,new,23,284,10,9
TRPPLZ2025080427a434d1,2025-08-04,WC02,new,12,119,9,7
TRPCPT20250804281fba1f,2025-08-04,WC01,repeated,18,188,7,7
TRPPLZ20250804af5b5842,2025-08-04,WC02,repeated,11,111,6,6
TRPCPT20250804f430ade1,2025-08-04,WC01,new,20,206,8,7
TRPJHB2025080463bbf45a,2025-08-04,GP01,new,36,469,8,9
TRPCPT202508044c4abf54,2025-08-04,WC01,repeated,17,179,6,5
TRPPTA2025080423b96a7b,2025-08-04,GP02,repeated,12,163,9,10
TRPELS20250804d09a6476,2025-08-04,EC01,repeated,22,255,7,10
TRPDBN202508041f78d86b,2025-08-04,KZN01,new,5,59,8,7
TRPCPT20250804bf4c1576,2025-08-04,WC01,repeated,18,188,5,7
TRPCPT20250804d893fdf1,2025-08-04,WC01,new,13,143,8,8
TRPCPT20250804f697ac30,2025-08-04,WC01,repeated,20,206,6,7
TRPBFN20250804aaa5b2be,2025-08-04,FS01,repeated,13,122,6,7
TRPPTA20250804b8470185,2025-08-04,GP02,new,11,152,9,9
TRPJHB202508043c1bcbe4,2025-08-04,GP01,new,34,445,10,10
TRPCPT202508042bb16adb,2025-08-04,WC01,repeated,20,206,5,7
TRPBFN20250804345a29cd,2025-08-04,FS01,repeated,12,114,5,8
TRPJHB202508047ac0ccde,2025-08-04,GP01,repeated,23,313,7,10
TRPJHB20250804a69f8782,2025-08-04,GP01,repeated,24,325,7,8
TRPPMB20250804e9588111,2025-08-04,KZN02,repeated,24,242,7,9
TRPJHB202508049c6e6614,2025-08-04,GP01,repeated,24,325,7,10
TRPBFN20250804b82ef7eb,2025-08-04,FS01,repeated,14,130,6,6
TRPJHB20250804919a5025,2025-08-04,GP01,repeated,44,565,8,9
TRPELS202508043c610f1f,2025-08-04,EC01,new,20,235,8,8
TRPPTA20250804bc148b45,2025-08-04,GP02,new,14,185,9,9
TRPPTA202508048feb40c0,2025-08-04,GP02,new,30,361,8,9
TRPCPT2025080474144520,2025-08-04,WC01,repeated,14,152,5,8
TRPPLZ2025080499f02acf,2025-08-04,WC02,repeated,9,95,9,8
TRPPLZ20250804e73f5f6c,2025-08-04,WC02,repeated,14,135,7,9
TRPPLZ20250804768c885f,2025-08-04,WC02,repeated,17,159,8,7
TRPJHB202508043fc8b053,2025-08-04,GP01,new,16,229,8,10
TRPCPT20250804135f33fc,2025-08-04,WC01,repeated,17,179,6,6
TRPCPT202508041b2b4a4b,2025-08-04,WC01,repeated,16,170,7,8
TRPCPT20250804e0464d36,2025-08-04,WC01,new,8,98,8,8
TRPDBN202508046f1798c2,2025-08-04,KZN01,repeated,7,75,6,6
TRPJHB20250804664aa812,2025-08-04,GP01,new,27,361,8,8
TRPCPT20250804411b128b,2025-08-04,WC01,repeated,16,170,5,7
TRPDBN20250804146ef6c4,2025-08-04,KZN01,repeated,6,67,6,6
TRPRST20250804bc671fb1,2025-08-04,NW01,repeated,10,103,8,9
TRPDBN20250804f8870ce0,2025-08-04,KZN01,repeated,7,75,7,6
TRPNEL20250804ed2ba901,2025-08-04,MP01,new,10,117,10,9
TRPCPT202508042d825ca9,2025-08-04,WC01,repeated,5,71,6,8
TRPJHB20250804a0ee8ad0,2025-08-04,GP01,new,17,241,10,8
TRPPTA202508042c849ff4,2025-08-04,GP02,repeated,35,416,8,9
TRPPMB2025080432afb6ea,2025-08-04,KZN02,new,19,197,10,7
TRPCPT2025080425a1e55e,2025-08-04,WC01,new,7,89,8,7
TRPDBN202508046c94b780,2025-08-04,KZN01,repeated,7,75,5,7
TRPPLZ20250804b76dee42,2025-08-04,WC02,repeated,17,159,9,9
TRPCPT20250804e1a61ac3,2025-08-04,WC01,repeated,14,152,5,7
TRPPMB2025080437894c2f,2025-08-04,KZN02,new,21,215,7,8
TRPDBN20250804508c9f08,2025-08-04,KZN01,repeated,7,75,5,7
TRPNEL20250804ce067abd,2025-08-04,MP01,repeated,34,333,7,8
TRPDBN2025080491856957,2025-08-04,KZN01,repeated,15,139,7,5
TRPPTA202508041f6ce280,2025-08-04,GP02,repeated,32,383,9,10
TRPCPT202508040c629c98,2025-08-04,WC01,new,18,188,8,8
TRPDBN20250804e399efba,2025-08-04,KZN01,repeated,15,139,7,5
TRPCPT2025080482403f0e,2025-08-04,WC01,repeated,19,197,5,7
TRPPLZ2025080470f4615f,2025-08-04,WC02,repeated,11,111,6,7
TRPPMB2025080416b96f2e,2025-08-04,KZN02,new,27,269,7,7
TRPDBN20250804f6e3e5c2,2025-08-04,KZN01,repeated,14,131,7,7
TRPCPT20250804bc56cfbb,2025-08-04,WC01,repeated,16,170,6,6
TRPDBN20250804057ee46e,2025-08-04,KZN01,repeated,17,155,5,8
TRPRST202508042572ba1d,2025-08-04,NW01,repeated,10,103,6,7
TRPDBN20250804b9476f9b,2025-08-04,KZN01,new,15,139,8,6
TRPPTA20250804aebb1e68,2025-08-04,GP02,repeated,17,218,8,8
TRPPLZ202508041db55280,2025-08-04,WC02,new,17,159,8,7
TRPCPT2025080476496279,2025-08-04,WC01,repeated,5,71,6,8
TRPJHB202508042074380e,2025-08-04,GP01,new,26,349,8,10
TRPBFN202508049654153d,2025-08-04,FS01,new,10,98,7,7
TRPRST202508040b2617d2,2025-08-04,NW01,new,20,183,9,7
TRPPMB20250804330e748e,2025-08-04,KZN02,new,33,323,1,1
TRPPMB2025080463e71f08,2025-08-04,KZN02,repeated,14,152,7,9
TRPELS20250804e462e86e,2025-08-04,EC01,new,22,255,9,10
TRPRST20250804f0cbe879,2025-08-04,NW01,repeated,9,95,8,7
TRPJHB20250804b4794e73,2025-08-04,GP01,repeated,25,337,8,10
TRPPMB202508042a5ac259,2025-08-04,KZN02,repeated,19,197,8,9
TRPJHB202508043fd186c5,2025-08-04,GP01,new,16,229,8,9
TRPJHB20250804924edd7f,2025-08-04,GP01,new,41,529,10,9
TRPRST202508049a224acf,2025-08-04,NW01,repeated,13,127,7,6
TRPCPT20250804045924e1,2025-08-04,WC01,repeated,20,206,7,7
TRPJHB20250804be2a36ae,2025-08-04,GP01,repeated,27,361,9,9
TRPCPT20250804e0a93d1c,2025-08-04,WC01,repeated,10,116,5,7
TRPPLZ202508043d47b83a,2025-08-04,WC02,repeated,16,151,6,9
TRPCPT2025080445ad1145,2025-08-04,WC01,repeated,9,107,5,5
TRPJHB202508045723b00a,2025-08-04,GP01,repeated,31,409,8,10
TRPCPT20250804be12d799,2025-08-04,WC01,repeated,17,179,5,5
TRPJHB20250804920b951f,2025-08-04,GP01,repeated,28,373,9,9
TRPBFN2025080495480be2,2025-08-04,FS01,repeated,12,114,5,5
TRPDBN20250804b21ec2d4,2025-08-04,KZN01,repeated,17,155,5,7
TRPCPT202508044c3ad829,2025-08-04,WC01,repeated,20,206,6,5
TRPDBN2025080490dc5f6f,2025-08-04,KZN01,new,13,123,7,7
TRPPLZ2025080470814767,2025-08-04,WC02,repeated,18,167,8,6
TRPJHB202508047c079255,2025-08-04,GP01,repeated,15,217,7,9
TRPJHB20250804b293edb8,2025-08-04,GP01,repeated,19,265,9,8
TRPRST20250804c5517c64,2025-08-04,NW01,repeated,13,127,7,8
TRPCPT202508045d2f2dc7,2025-08-04,WC01,repeated,11,125,5,5
TRPDBN202508043ed3347c,2025-08-04,KZN01,repeated,12,115,7,6
TRPPTA2025080483d10eaf,2025-08-04,GP02,new,11,152,8,8
TRPPMB2025080462e277be,2025-08-04,KZN02,new,28,278,7,9
TRPJHB202508042128fdaf,2025-08-04,GP01,new,36,469,10,9
TRPCPT20250804b7420137,2025-08-04,WC01,repeated,6,80,6,5
TRPPLZ20250804f5269fa9,2025-08-04,WC02,new,23,207,8,7
TRPPTA2025080499809036,2025-08-04,GP02,new,38,449,10,9
TRPDBN2025080412b0ed8d,2025-08-04,KZN01,new,10,99,8,8
TRPBFN20250804d4906668,2025-08-04,FS01,repeated,9,90,7,5
TRPPMB20250804d9b2e168,2025-08-04,KZN02,new,13,143,8,9
TRPPLZ20250804dcce7b87,2025-08-04,WC02,repeated,20,183,6,6
TRPPLZ202508044824c4f3,2025-08-04,WC02,repeated,18,167,9,8
TRPJHB20250804fb04e4ac,2025-08-04,GP01,repeated,45,577,9,9
TRPBFN2025080462837eb1,2025-08-04,FS01,new,5,58,8,8
TRPJHB20250804c06e1f79,2025-08-04,GP01,repeated,15,217,8,9
TRPCPT20250804e45986d7,2025-08-04,WC01,repeated,17,179,6,5
TRPDBN20250804baa66a2c,2025-08-04,KZN01,repeated,15,139,6,5
TRPJHB202508040963294e,2025-08-04,GP01,new,41,529,8,8
TRPRST2025080426c7d5ae,2025-08-04,NW01,repeated,8,87,7,6
TRPRST20250804641f9b63,2025-08-04,NW01,new,16,151,10,9
TRPPTA2025080434ec2bfa,2025-08-04,GP02,new,27,328,10,9
TRPJHB20250804b0f3f075,2025-08-04,GP01,new,43,553,8,9
TRPBFN20250804fe25b863,2025-08-04,FS01,new,5,58,7,8
TRPPLZ20250804a8ffd0a0,2025-08-04,WC02,repeated,23,207,7,7
TRPDBN20250804a3409c09,2025-08-04,KZN01,repeated,9,91,6,8
TRPDBN202508048232cf3e,2025-08-04,KZN01,repeated,6,67,6,6
TRPRST20250804d517024a,2025-08-04,NW01,repeated,9,95,8,6
TRPPLZ20250804c0f17fc6,2025-08-04,WC02,repeated,8,87,9,9
TRPCPT20250804a94d7480,2025-08-04,WC01,repeated,20,206,7,8
TRPRST202508041098a97f,2025-08-04,NW01,repeated,10,103,9,9
TRPJHB20250804fb1791a2,2025-08-04,GP01,repeated,17,241,8,10
TRPCPT20250804c995b88a,2025-08-04,WC01,new,18,188,7,8
TRPPLZ20250804db459424,2025-08-04,WC02,new,24,215,10,7
TRPCPT20250804aa183655,2025-08-04,WC01,repeated,11,125,6,6
TRPCPT202508047e4a0f66,2025-08-04,WC01,repeated,10,116,6,8
TRPJHB202508048d00f7eb,2025-08-04,GP01,repeated,27,361,7,10
TRPRST20250804637cf792,2025-08-04,NW01,repeated,18,167,6,9
TRPJHB20250804d631485b,2025-08-04,GP01,new,40,517,10,9
TRPPMB2025080404df0497,2025-08-04,KZN02,repeated,29,287,7,6
TRPJHB2025080488ac29fa,2025-08-04,GP01,new,32,421,8,8
TRPDBN202508047db11105,2025-08-04,KZN01,new,5,59,8,7
TRPPLZ2025080447769846,2025-08-04,WC02,new,19,175,7,8
TRPCPT202508048536e64a,2025-08-04,WC01,repeated,12,134,5,7
TRPPMB2025080410d230e0,2025-08-04,KZN02,repeated,29,287,7,7
TRPPTA20250804e964b7f5,2025-08-04,GP02,new,25,306,10,10
TRPPTA2025080497c7ee6a,2025-08-04,GP02,repeated,36,427,8,8
TRPBFN202508044528f5d1,2025-08-04,FS01,new,16,146,9,6
TRPDBN202508043a6aefb6,2025-08-04,KZN01,repeated,5,59,6,7
TRPPTA202508044549d21c,2025-08-04,GP02,new,16,207,10,9
TRPDBN2025080461f15baf,2025-08-04,KZN01,repeated,12,115,5,8
TRPCPT20250804b7d779d5,2025-08-04,WC01,repeated,18,188,7,7
TRPJHB202508042f462efc,2025-08-04,GP01,repeated,19,265,7,9
TRPNEL202508043f6ff169,2025-08-04,MP01,new,13,144,9,8
TRPRST20250804239a3222,2025-08-04,NW01,new,13,127,8,7
TRPJHB20250804860c927c,2025-08-04,GP01,repeated,21,289,9,10
TRPCPT202508040a52d515,2025-08-04,WC01,new,14,152,9,6
TRPPMB20250804b1677988,2025-08-04,KZN02,repeated,21,215,6,8
TRPCPT2025080478cdf120,2025-08-04,WC01,new,13,143,8,7
TRPPMB2025080403ca108b,2025-08-04,KZN02,new,16,170,10,8
TRPJHB20250804b8515f9a,2025-08-04,GP01,repeated,40,517,8,9
TRPJHB20250804a77d3eaa,2025-08-04,GP01,new,36,469,9,10
TRPDBN2025080478bd49ec,2025-08-04,KZN01,new,10,99,8,7
TRPPMB20250804ae378c4b,2025-08-04,KZN02,repeated,24,242,6,6
TRPJHB20250804b7886a0b,2025-08-04,GP01,repeated,37,481,8,8
TRPELS20250804e553f155,2025-08-04,EC01,repeated,24,275,7,8
TRPJHB202508040c2122a6,2025-08-04,GP01,repeated,34,445,7,10
TRPPMB20250804d5a4f782,2025-08-04,KZN02,new,18,188,8,9
TRPNEL20250804a0f1106d,2025-08-04,MP01,repeated,28,279,9,8
TRPCPT202508046326e463,2025-08-04,WC01,new,19,197,9,7
TRPJHB2025080441da6639,2025-08-04,GP01,repeated,44,565,9,9
TRPPLZ20250804da17b224,2025-08-04,WC02,repeated,12,119,8,8
TRPCPT202508042a3dda7f,2025-08-04,WC01,new,18,188,8,7
TRPJHB20250804b41b63f4,2025-08-04,GP01,repeated,15,217,9,8
TRPBFN20250804732fe652,2025-08-04,FS01,new,13,122,8,6
TRPBFN2025080449406ad2,2025-08-04,FS01,repeated,16,146,5,6
TRPDBN202508041b768e52,2025-08-04,KZN01,repeated,17,155,6,5
TRPPMB202508047b3aebff,2025-08-04,KZN02,new,30,296,8,7
TRPBFN20250804f3e56b2d,2025-08-04,FS01,new,10,98,8,7
TRPPLZ202508049b2226aa,2025-08-04,WC02,new,13,127,9,8
TRPCPT202508043c7cf8b8,2025-08-04,WC01,repeated,9,107,5,7
TRPBFN2025080442526a62,2025-08-04,FS01,repeated,13,122,6,5
TRPJHB2025080435022990,2025-08-04,GP01,new,23,313,8,10
TRPCPT20250804363b3870,2025-08-04,WC01,repeated,13,143,5,7
TRPNEL20250804b8cf29c7,2025-08-04,MP01,new,21,216,8,8
TRPPMB202508049a3b3940,2025-08-04,KZN02,repeated,31,305,6,7
TRPJHB202508043d3cbd3e,2025-08-04,GP01,repeated,38,493,9,10
TRPPMB202508042a5dbf3a,2025-08-04,KZN02,repeated,12,134,7,9
TRPPLZ202508046f8ad511,2025-08-04,WC02,repeated,24,215,6,7
TRPNEL202508040f374fb0,2025-08-04,MP01,new,26,261,8,8
TRPJHB202508040f81768d,2025-08-04,GP01,repeated,37,481,9,10
TRPPMB202508045044e51e,2025-08-04,KZN02,repeated,19,197,8,9
TRPCPT20250804e637a393,2025-08-04,WC01,new,19,197,9,8
TRPBFN202508041e7ea720,2025-08-04,FS01,repeated,17,154,5,6
TRPCPT20250804df8470a9,2025-08-04,WC01,new,18,188,8,8
TRPPLZ202508045e6a904e,2025-08-04,WC02,repeated,14,135,7,9
TRPNEL20250804565d00b0,2025-08-04,MP01,repeated,28,279,8,9
TRPCPT20250804fc2b412d,2025-08-04,WC01,repeated,18,188,6,5
TRPPLZ20250804e7fb3501,2025-08-04,WC02,repeated,24,215,8,8
TRPJHB20250804d97b3506,2025-08-04,GP01,new,31,409,9,9
TRPCPT20250804233d3154,2025-08-04,WC01,repeated,9,107,7,6
TRPPMB20250804f2c45cfd,2025-08-04,KZN02,repeated,14,152,7,8
TRPDBN2025080454522ff3,2025-08-04,KZN01,repeated,7,75,5,7
TRPDBN20250804f4bd149d,2025-08-04,KZN01,repeated,12,115,6,7
TRPJHB20250804527bc5ce,2025-08-04,GP01,repeated,36,469,8,9
TRPPTA202508046dcfd624,2025-08-04,GP02,repeated,13,174,8,8
TRPDBN20250804c9364097,2025-08-04,KZN01,repeated,14,131,5,6
TRPCPT20250804cd8a0ec1,2025-08-04,WC01,new,5,71,7,7
TRPPLZ20250804ed6d3381,2025-08-04,WC02,repeated,23,207,6,8
TRPBFN20250804f33fcdce,2025-08-04,FS01,repeated,9,90,5,6
TRPJHB202508042d06c99d,2025-08-04,GP01,new,16,229,8,8
TRPPMB202508040df79918,2025-08-04,KZN02,repeated,34,332,8,8
TRPPLZ20250804acab68b5,2025-08-04,WC02,repeated,11,111,6,7
TRPCPT20250804a6a5505b,2025-08-04,WC01,repeated,5,71,5,6
TRPBFN20250804e095b8e0,2025-08-04,FS01,new,6,66,8,7
TRPBFN20250804e08f3baa,2025-08-04,FS01,repeated,5,58,7,6
TRPJHB20250804b46f3674,2025-08-04,GP01,repeated,23,313,8,10
TRPNEL2025080431746f5a,2025-08-04,MP01,new,15,162,10,9
TRPPTA20250804af6eef17,2025-08-04,GP02,repeated,36,427,7,9
TRPPTA20250804b88c8c67,2025-08-04,GP02,new,28,339,10,9
TRPCPT20250804af39dcf2,2025-08-04,WC01,repeated,14,152,5,5
TRPCPT20250804f7bf3b14,2025-08-04,WC01,repeated,6,80,7,6
TRPPMB2025080464853ab0,2025-08-04,KZN02,new,24,242,7,7
TRPCPT202508042faf6548,2025-08-04,WC01,repeated,7,89,5,6
TRPPTA202508045bc77be8,2025-08-04,GP02,repeated,33,394,9,8
TRPJHB202508044e9d105e,2025-08-04,GP01,new,45,577,10,8
TRPNEL202508041b2ed1d4,2025-08-04,MP01,repeated,35,342,7,9
TRPNEL20250804dc73d04f,2025-08-04,MP01,repeated,18,189,8,8
TRPDBN202508045931d767,2025-08-04,KZN01,repeated,17,155,6,6
TRPCPT2025080479df02ee,2025-08-04,WC01,repeated,10,116,6,7
TRPPTA20250804a34f2f02,2025-08-04,GP02,new,32,383,9,9
TRPBFN202508047dfc041b,2025-08-04,FS01,repeated,18,162,5,7
TRPRST202508048af5724a,2025-08-04,NW01,new,20,183,10,8
TRPNEL2025080481ba7e59,2025-08-04,MP01,new,33,324,8,10
TRPPMB202508043e31eca2,2025-08-04,KZN02,new,32,314,9,8
TRPDBN2025080413689a40,2025-08-04,KZN01,repeated,15,139,7,7
TRPDBN202508040098ebdf,2025-08-04,KZN01,repeated,8,83,7,6
TRPDBN20250804c08ec290,2025-08-04,KZN01,repeated,6,67,5,5
TRPCPT202508048c5682a1,2025-08-04,WC01,new,12,134,8,6
TRPJHB202508040185f074,2025-08-04,GP01,repeated,35,457,8,9
TRPPMB202508044557b588,2025-08-04,KZN02,new,20,206,8,8
TRPPMB202508042a20026a,2025-08-04,KZN02,repeated,29,287,8,6
TRPCPT20250804d7793129,2025-08-04,WC01,repeated,11,125,6,7
TRPRST20250804d7451404,2025-08-04,NW01,new,22,199,9,9
TRPJHB2025080407b1106b,2025-08-04,GP01,new,18,253,9,8
TRPPMB20250804422bfbe0,2025-08-04,KZN02,repeated,19,197,8,7
TRPPMB20250804960d0a5b,2025-08-04,KZN02,repeated,34,332,8,7
TRPCPT20250804f3c36ce9,2025-08-04,WC01,repeated,14,152,5,5
TRPNEL202508045e0f0942,2025-08-04,MP01,repeated,26,261,7,10
TRPJHB20250804df5c070b,2025-08-04,GP01,new,15,217,10,10
TRPCPT2025080411819dd2,2025-08-04,WC01,repeated,12,134,6,8
TRPCPT20250804cbf42500,2025-08-04,WC01,new,13,143,9,8
TRPPLZ20250804cca8b852,2025-08-04,WC02,repeated,18,167,6,7
TRPELS202508048fab5712,2025-08-04,EC01,new,19,225,10,9
TRPPLZ20250804035487f3,2025-08-04,WC02,repeated,15,143,6,8
TRPJHB202508040f8ebd7b,2025-08-04,GP01,repeated,35,457,9,9
TRPPMB20250804f2ff04a8,2025-08-04,KZN02,repeated,26,260,7,8
TRPNEL20250804616a147d,2025-08-04,MP01,repeated,21,216,9,10
TRPJHB20250804641ef65d,2025-08-04,GP01,repeated,31,409,9,10
TRPCPT202508049e320c52,2025-08-04,WC01,repeated,15,161,7,8
TRPJHB2025080411f7a0e9,2025-08-04,GP01,repeated,29,385,7,10
TRPPLZ202508040399d9ef,2025-08-04,WC02,repeated,9,95,9,6
TRPPLZ20250804526accc7,2025-08-04,WC02,repeated,24,215,7,7
TRPDBN2025080477caed47,2025-08-04,KZN01,repeated,15,139,6,7
TRPDBN202508040b7bc88e,2025-08-04,KZN01,new,6,67,9,7
TRPBFN20250804ef904158,2025-08-04,FS01,repeated,16,146,6,7
TRPJHB20250804c210b47d,2025-08-04,GP01,new,22,301,8,10
TRPPTA202508041a8891cf,2025-08-04,GP02,new,24,295,8,10
TRPNEL20250804cdef8b71,2025-08-04,MP01,repeated,24,243,8,10
TRPPLZ20250804cb4f7846,2025-08-04,WC02,new,18,167,7,9
TRPPTA20250804f9b84ec3,2025-08-04,GP02,new,34,405,10,9
TRPCPT2025080405c4c136,2025-08-04,WC01,repeated,9,107,6,5
TRPELS2025080481b56bad,2025-08-04,EC01,new,8,115,8,10
TRPNEL20250804c52e574f,2025-08-04,MP01,new,10,117,9,8
TRPPLZ20250804fcc8814b,2025-08-04,WC02,repeated,25,223,8,7
TRPJHB202508040dc90a25,2025-08-04,GP01,repeated,37,481,7,8
TRPPLZ2025080481ab3890,2025-08-04,WC02,repeated,17,159,6,6
TRPDBN20250804c6f177ba,2025-08-04,KZN01,repeated,14,131,7,8
TRPPTA202508048b544bd0,2025-08-04,GP02,new,26,317,10,10
TRPBFN20250804aebb8685,2025-08-04,FS01,repeated,7,74,6,6
TRPBFN202508047e25cac9,2025-08-04,FS01,new,6,66,9,8
TRPCPT20250804e19794d2,2025-08-04,WC01,repeated,11,125,7,7
TRPDBN20250804b8f6e802,2025-08-04,KZN01,repeated,16,147,7,8
TRPJHB20250804dc65d0a2,2025-08-04,GP01,new,16,229,10,9
TRPJHB20250804a9c60596,2025-08-04,GP01,new,25,337,8,8
TRPPMB2025080442cf0839,2025-08-04,KZN02,new,14,152,10,8
TRPPTA2025080496d6ffc9,2025-08-04,GP02,repeated,34,405,9,8
TRPPMB202508048852a4dc,2025-08-04,KZN02,repeated,22,224,9,7
TRPDBN202508045b487d1f,2025-08-04,KZN01,repeated,9,91,5,8
TRPPMB202508046a9772e2,2025-08-04,KZN02,repeated,15,161,8,7
TRPRST2025080497f7fb5f,2025-08-04,NW01,repeated,22,199,7,8
TRPDBN202508043c69a532,2025-08-04,KZN01,repeated,14,131,5,7
TRPPTA202508040fd856ac,2025-08-04,GP02,repeated,24,295,7,10
TRPRST20250804f2a48bce,2025-08-04,NW01,new,22,199,8,7
TRPCPT202508048f9965e5,2025-08-04,WC01,repeated,5,71,5,7
TRPPTA202508041e207067,2025-08-04,GP02,new,16,207,8,8
TRPDBN20250804250a5d45,2025-08-04,KZN01,repeated,8,83,5,7
TRPJHB20250804038412ef,2025-08-04,GP01,repeated,21,289,7,9
TRPCPT202508049eb89342,2025-08-04,WC01,repeated,10,116,7,7
TRPBFN20250804ae309444,2025-08-04,FS01,repeated,9,90,5,6
TRPPMB20250804306f26dd,2025-08-04,KZN02,new,12,134,8,9
TRPJHB202508046932e45a,2025-08-04,GP01,repeated,33,433,8,8
TRPJHB2025080417c3d05c,2025-08-04,GP01,repeated,23,313,7,9
TRPPTA202508046f36c2fe,2025-08-04,GP02,repeated,29,350,8,8
TRPCPT20250804134b4a90,2025-08-04,WC01,repeated,6,80,5,8
TRPPLZ20250804c438138f,2025-08-04,WC02,repeated,12,119,8,7
TRPCPT2025080478551a20,2025-08-04,WC01,repeated,18,188,5,6
TRPDBN20250804dd469a4d,2025-08-04,KZN01,repeated,11,107,7,6
TRPNEL202508044719b267,2025-08-04,MP01,repeated,26,261,8,8
TRPCPT20250804a1996a21,2025-08-04,WC01,repeated,17,179,6,8
TRPDBN20250804f287c880,2025-08-04,KZN01,repeated,5,59,6,6
TRPJHB20250804af869b8e,2025-08-04,GP01,repeated,34,445,9,10
TRPCPT20250804e0afb6bf,2025-08-04,WC01,new,10,116,9,6
TRPBFN202508041aa52ea5,2025-08-04,FS01,repeated,17,154,7,6
TRPCPT20250804d2f6bc6a,2025-08-04,WC01,new,12,134,9,7
TRPNEL202508046f33471e,2025-08-04,MP01,new,25,252,10,9
TRPPMB20250804b7d3873e,2025-08-04,KZN02,new,21,215,10,8
TRPPLZ20250804eeb5890e,2025-08-04,WC02,repeated,15,143,8,7
TRPJHB2025080486cc8b2b,2025-08-04,GP01,new,36,469,10,8
TRPCPT202508047262981f,2025-08-04,WC01,new,19,197,8,7
TRPCPT202508047554971f,2025-08-04,WC01,repeated,20,206,7,7
TRPPTA20250804a74e8d9f,2025-08-04,GP02,new,37,438,8,9
TRPNEL20250804e3210523,2025-08-04,MP01,new,18,189,10,9
TRPCPT20250804ff41b522,2025-08-04,WC01,repeated,17,179,7,5
TRPCPT20250804775696e4,2025-08-04,WC01,repeated,19,197,7,5
TRPCPT20250804d86ae99d,2025-08-04,WC01,repeated,10,116,7,6
TRPJHB202508043fcac47f,2025-08-04,GP01,new,28,373,10,8
TRPCPT202508043bccb5e0,2025-08-04,WC01,repeated,13,143,7,8
TRPELS20250804b1bf3d8a,2025-08-04,EC01,new,8,115,8,10
TRPBFN202508047ce21068,2025-08-04,FS01,repeated,9,90,7,7
TRPCPT2025080466b667a7,2025-08-04,WC01,repeated,7,89,6,5
TRPPMB202508046faff676,2025-08-04,KZN02,new,15,161,7,7
TRPBFN20250804b1798496,2025-08-04,FS01,repeated,5,58,7,8
TRPJHB20250804069396d3,2025-08-04,GP01,new,44,565,9,9
TRPCPT20250804cf593d1e,2025-08-04,WC01,repeated,19,197,6,8
TRPELS2025080497397254,2025-08-04,EC01,repeated,13,165,8,10
TRPPLZ202508048fca6572,2025-08-04,WC02,repeated,18,167,6,8
TRPBFN202508047defcb8a,2025-08-04,FS01,repeated,6,66,5,7
TRPDBN202508046c46f48e,2025-08-04,KZN01,repeated,5,59,6,6
TRPJHB20250804c84080d8,2025-08-04,GP01,new,40,517,10,9
TRPPTA20250804084c148c,2025-08-04,GP02,new,33,394,10,10
TRPJHB202508046bc9343e,2025-08-04,GP01,new,39,505,8,9
TRPCPT202508040cfefdf6,2025-08-04,WC01,repeated,19,197,6,8
TRPCPT202508047670b083,2025-08-04,WC01,new,10,116,8,7
TRPPTA20250804d5600527,2025-08-04,GP02,repeated,12,163,9,8
TRPBFN2025080498fd46dc,2025-08-04,FS01,new,10,98,8,7
TRPPLZ202508046a321eec,2025-08-04,WC02,repeated,24,215,9,6
TRPJHB20250804421d7016,2025-08-04,GP01,new,33,433,10,10
TRPCPT20250804b295cd8e,2025-08-04,WC01,new,18,188,9,6
TRPBFN2025080421e14f36,2025-08-04,FS01,repeated,17,154,6,7
TRPPTA202508041bd8a168,2025-08-04,GP02,new,18,229,8,10
TRPJHB202508045367a0af,2025-08-04,GP01,new,15,217,8,8
TRPBFN2025080424456d9e,2025-08-04,FS01,new,17,154,8,6
TRPPTA202508049be5bf61,2025-08-04,GP02,repeated,12,163,7,10
TRPPMB20250804391afdd6,2025-08-04,KZN02,repeated,34,332,7,9
TRPJHB2025080420cf96b7,2025-08-04,GP01,repeated,19,265,9,9
TRPCPT2025080482b8ce86,2025-08-04,WC01,repeated,15,161,7,6
TRPCPT2025080424bf6c8b,2025-08-04,WC01,repeated,12,134,5,8
TRPPTA202508049f3d364c,2025-08-04,GP02,repeated,32,383,7,9
TRPCPT20250804d5622c8e,2025-08-04,WC01,repeated,15,161,6,5
TRPNEL2025080432893a3e,2025-08-04,MP01,new,25,252,10,8
TRPPLZ2025080496c6e67c,2025-08-04,WC02,repeated,9,95,7,6
TRPPMB20250804f15210c0,2025-08-04,KZN02,new,16,170,8,7
TRPRST2025080467590540,2025-08-04,NW01,new,16,151,10,7
TRPCPT2025080454ae4488,2025-08-04,WC01,repeated,10,116,5,6
TRPJHB202508049f96c8e5,2025-08-04,GP01,repeated,42,541,9,9
TRPPLZ20250804b14dbb05,2025-08-04,WC02,new,18,167,10,9
TRPPMB202508043187479a,2025-08-04,KZN02,new,19,197,7,7
TRPPMB202508042f96abf2,2025-08-04,KZN02,repeated,19,197,9,7
TRPPLZ20250804e4e9ee55,2025-08-04,WC02,new,18,167,8,7
TRPRST2025080424b38e7c,2025-08-04,NW01,repeated,10,103,6,8
TRPCPT20250804fcef76a8,2025-08-04,WC01,new,11,125,9,6
TRPDBN20250804ca7b0187,2025-08-04,KZN01,repeated,11,107,5,7
TRPBFN202508043dbcc18f,2025-08-04,FS01,repeated,18,162,6,6
TRPRST202508044a4fb623,2025-08-04,NW01,repeated,22,199,8,8
TRPJHB202508046eda93bf,2025-08-04,GP01,repeated,30,397,9,9
TRPELS202508045a027436,2025-08-04,EC01,new,20,235,9,8
TRPNEL202508046aecef99,2025-08-04,MP01,repeated,11,126,8,9
TRPCPT20250804254c72df,2025-08-04,WC01,new,5,71,8,6
TRPNEL202508043752b480,2025-08-04,MP01,repeated,19,198,8,8
TRPNEL2025080415c215b6,2025-08-04,MP01,new,33,324,9,9
TRPPLZ20250804311dc2a9,2025-08-04,WC02,repeated,16,151,8,9
TRPPLZ2025080413313df1,2025-08-04,WC02,repeated,10,103,6,8
TRPRST202508046ebcce37,2025-08-04,NW01,repeated,13,127,8,9
TRPPTA2025080430a23e0d,2025-08-04,GP02,repeated,17,218,9,9
TRPJHB202508046f2b6804,2025-08-04,GP01,repeated,37,481,9,10
TRPBFN2025080438d07496,2025-08-04,FS01,repeated,13,122,6,8
TRPJHB20250804082b7f6a,2025-08-04,GP01,new,35,457,8,10
TRPPMB2025080489e46660,2025-08-04,KZN02,new,27,269,10,8
TRPPTA20250804e7a16811,2025-08-04,GP02,new,33,394,9,10
TRPDBN20250804177c8b0e,2025-08-04,KZN01,repeated,15,139,5,5
TRPPTA20250804aa944f9b,2025-08-04,GP02,new,17,218,9,10
TRPDBN2025080413aef03c,2025-08-04,KZN01,new,11,107,7,7
TRPJHB202508042da9dc71,2025-08-04,GP01,new,42,541,8,9
TRPBFN20250804ab9fab1a,2025-08-04,FS01,repeated,7,74,6,8
TRPPMB20250804dd6691da,2025-08-04,KZN02,repeated,13,143,8,9
TRPCPT20250804ee565eaf,2025-08-04,WC01,repeated,12,134,7,5
TRPDBN20250804256aae4d,2025-08-04,KZN01,repeated,13,123,5,6
TRPCPT20250804f857cc8c,2025-08-04,WC01,repeated,9,107,5,7
TRPDBN20250804285e9fd9,2025-08-04,KZN01,repeated,16,147,5,8
TRPCPT202508046c3f852d,2025-08-04,WC01,new,19,197,9,6
TRPPLZ20250804ede24418,2025-08-04,WC02,repeated,18,167,6,7
TRPCPT20250804e6410a81,2025-08-04,WC01,repeated,11,125,7,7
TRPNEL20250804e3cefeb4,2025-08-04,MP01,repeated,18,189,8,9
TRPPLZ202508044c5a2b01,2025-08-04,WC02,repeated,17,159,6,7
TRPPTA20250804b79f65e7,2025-08-04,GP02,new,31,372,8,8
TRPNEL20250804b0b33dac,2025-08-04,MP01,new,10,117,10,10
TRPCPT202508046251440d,2025-08-04,WC01,repeated,20,206,7,5
TRPDBN2025080464d2326c,2025-08-04,KZN01,repeated,7,75,6,7
TRPCPT2025080463d15159,2025-08-04,WC01,new,7,89,9,7
TRPCPT202508046afdbf71,2025-08-04,WC01,repeated,19,197,5,7
TRPBFN20250804c0c93465,2025-08-04,FS01,repeated,18,162,7,7
TRPELS20250804bb4b70e7,2025-08-04,EC01,new,25,285,8,9
TRPPMB20250804768df089,2025-08-04,KZN02,repeated,31,305,7,8
TRPCPT20250804218cdaaa,2025-08-04,WC01,repeated,10,116,7,8
TRPBFN202508048c3bdd5b,2025-08-04,FS01,repeated,7,74,6,5
TRPCPT20250804c06659ab,2025-08-04,WC01,repeated,15,161,5,7
TRPPMB2025080434a96fd9,2025-08-04,KZN02,new,22,224,10,9
TRPJHB20250804f1da253c,2025-08-04,GP01,new,40,517,9,9
TRPCPT2025080412f218bf,2025-08-04,WC01,repeated,13,143,6,7
TRPPTA2025080434358acf,2025-08-04,GP02,repeated,38,449,8,8
TRPNEL2025080493203f4a,2025-08-04,MP01,repeated,24,243,7,9
TRPJHB20250804529ec715,2025-08-04,GP01,repeated,29,385,8,9
TRPBFN202508043116d6af,2025-08-04,FS01,new,17,154,8,8
TRPNEL20250804d24eb564,2025-08-04,MP01,new,14,153,9,8
TRPPLZ202508048d788a44,2025-08-04,WC02,repeated,17,159,8,9
TRPPMB2025080466a84ba6,2025-08-04,KZN02,new,21,215,7,8
TRPPTA20250804f915a2f9,2025-08-04,GP02,new,19,240,10,10
TRPCPT202508040926685f,2025-08-04,WC01,repeated,7,89,5,6
TRPNEL20250804a29c5a0b,2025-08-04,MP01,new,32,315,8,8
TRPPMB2025080478280436,2025-08-04,KZN02,repeated,25,251,9,8
TRPJHB202508041114e292,2025-08-04,GP01,repeated,43,553,8,10
TRPELS202508049f725e57,2025-08-04,EC01,new,21,245,10,9
TRPPLZ2025080475f34036,2025-08-04,WC02,repeated,17,159,6,7
TRPPMB20250804e4355188,2025-08-04,KZN02,repeated,24,242,7,9
TRPPTA2025080439fcf58f,2025-08-04,GP02,new,33,394,8,10
TRPPTA202508048b35c6b4,2025-08-04,GP02,new,24,295,10,9
TRPPTA20250804c9eed2bf,2025-08-04,GP02,new,17,218,10,10
TRPJHB202508048b1957df,2025-08-04,GP01,new,24,325,10,8
TRPPMB202508049bb1d48f,2025-08-04,KZN02,new,13,143,8,9
TRPCPT2025080465014bcc,2025-08-04,WC01,repeated,17,179,5,7
TRPBFN202508044f43b20b,2025-08-04,FS01,new,15,138,7,8
TRPPMB2025080440a46ea7,2025-08-04,KZN02,repeated,19,197,9,9
TRPDBN202508049d4184d5,2025-08-04,KZN01,repeated,5,59,5,5
TRPRST2025080455f8549b,2025-08-04,NW01,new,22,199,9,9
TRPDBN20250804d5154911,2025-08-04,KZN01,repeated,8,83,6,8
TRPDBN2025080473e5007d,2025-08-04,KZN01,new,6,67,7,7
TRPDBN202508046a53c88e,2025-08-04,KZN01,repeated,9,91,5,6
TRPPLZ2025080490a8d1a1,2025-08-04,WC02,repeated,13,127,8,8
TRPNEL2025080488aef7cc,2025-08-04,MP01,new,20,207,10,9
TRPPMB202508045556b942,2025-08-04,KZN02,new,12,134,10,9
TRPCPT2025080422bf1f17,2025-08-04,WC01,repeated,15,161,5,7
TRPCPT202508044699c94d,2025-08-04,WC01,new,18,188,8,8
TRPCPT20250804a9a04686,2025-08-04,WC01,repeated,16,170,7,5
TRPJHB2025080410b944f0,2025-08-04,GP01,repeated,40,517,9,8
TRPCPT202508040f15f592,2025-08-04,WC01,repeated,17,179,6,8
TRPNEL202508041b2f11e2,2025-08-04,MP01,repeated,21,216,9,8
TRPPTA2025080402ac80bd,2025-08-04,GP02,repeated,29,350,9,10
TRPDBN2025080489a603b5,2025-08-04,KZN01,repeated,10,99,5,7
TRPCPT20250804b7a4ba02,2025-08-04,WC01,repeated,5,71,5,5
TRPPMB20250804fb25187f,2025-08-04,KZN02,new,15,161,8,7
TRPCPT2025080420821282,2025-08-04,WC01,repeated,20,206,5,5
TRPPMB2025080438147bc3,2025-08-04,KZN02,repeated,14,152,8,9
TRPPLZ202508049b3388c8,2025-08-04,WC02,repeated,19,175,9,8
TRPCPT202508041ce7edd1,2025-08-04,WC01,new,12,134,8,6
TRPJHB2025080473e787d3,2025-08-04,GP01,new,27,361,10,8
TRPPTA202508045eb0e8c7,2025-08-04,GP02,repeated,23,284,8,8
TRPDBN202508041ade227d,2025-08-04,KZN01,repeated,16,147,7,5
TRPNEL20250804468bfa12,2025-08-04,MP01,repeated,18,189,9,9
TRPCPT202508042e30ab19,2025-08-04,WC01,repeated,9,107,5,7
TRPJHB202508047187a55c,2025-08-04,GP01,new,19,265,9,8
TRPPMB20250804b64fbcd2,2025-08-04,KZN02,new,18,188,8,8
TRPPLZ20250804dc208e00,2025-08-04,WC02,repeated,12,119,8,6
TRPCPT2025080413ba44eb,2025-08-04,WC01,repeated,12,134,7,8
TRPJHB2025080485b54902,2025-08-04,GP01,repeated,33,433,8,8
TRPDBN20250804a54edea4,2025-08-04,KZN01,repeated,13,123,7,5
TRPJHB2025080445578517,2025-08-04,GP01,repeated,31,409,9,8
TRPJHB20250804d2dd0fba,2025-08-04,GP01,new,29,385,9,9
TRPCPT20250804ba7c97a8,2025-08-04,WC01,repeated,11,125,7,8
TRPPTA20250804ee6b97c8,2025-08-04,GP02,repeated,19,240,9,8
TRPCPT20250804d9c3b67e,2025-08-04,WC01,repeated,6,80,6,5
TRPELS2025080419e71896,2025-08-04,EC01,repeated,10,135,7,9
TRPELS20250804c6e2541c,2025-08-04,EC01,new,9,125,9,9
TRPDBN2025080406d310bb,2025-08-04,KZN01,repeated,15,139,5,6
TRPCPT20250804a0e24005,2025-08-04,WC01,repeated,16,170,7,6
TRPPTA20250804de055771,2025-08-04,GP02,new,34,405,10,9
TRPDBN20250804592bca37,2025-08-04,KZN01,repeated,8,83,7,5
TRPNEL202508045181de1b,2025-08-04,MP01,new,14,153,9,10
TRPJHB20250804f30f5817,2025-08-04,GP01,repeated,20,277,7,9
TRPCPT20250804c7e4aa1a,2025-08-04,WC01,new,12,134,8,8
TRPDBN202508044c8780f0,2025-08-04,KZN01,new,15,139,8,8
TRPPLZ20250804a398b84c,2025-08-04,WC02,repeated,20,183,7,7
TRPCPT20250804d38d4a2f,2025-08-04,WC01,new,6,80,9,7
TRPJHB20250804d7f314fe,2025-08-04,GP01,new,44,565,9,8
TRPRST20250804b171d7ad,2025-08-04,NW01,new,19,175,7,9
TRPJHB20250804e10ff603,2025-08-04,GP01,repeated,33,433,7,10
TRPCPT2025080471b2d0a5,2025-08-04,WC01,repeated,13,143,6,5
TRPPLZ20250804d62e02ac,2025-08-04,WC02,repeated,23,207,9,7
TRPDBN2025080411c4f9de,2025-08-04,KZN01,repeated,13,123,7,7
TRPBFN20250804bae3d1f8,2025-08-04,FS01,new,6,66,9,6
TRPDBN202508045cebcaac,2025-08-04,KZN01,repeated,16,147,7,8
TRPDBN20250804a348f82a,2025-08-04,KZN01,new,14,131,7,6
TRPCPT202508041929c73e,2025-08-04,WC01,repeated,9,107,7,6
TRPPMB20250804ab084ab0,2025-08-04,KZN02,repeated,15,161,8,8
TRPDBN202508049a3b4396,2025-08-04,KZN01,repeated,5,59,7,7
TRPPTA20250804193e2fbc,2025-08-04,GP02,repeated,13,174,9,9
TRPDBN20250804a2d78307,2025-08-04,KZN01,repeated,6,67,6,5
TRPCPT2025080495ae3c84,2025-08-04,WC01,repeated,16,170,6,7
TRPBFN20250804ac9f22b8,2025-08-04,FS01,repeated,7,74,5,6
TRPBFN20250804f86c0c8b,2025-08-04,FS01,new,17,154,8,7
TRPNEL202508042d079c4a,2025-08-04,MP01,repeated,20,207,8,9
TRPBFN202508044a45addf,2025-08-04,FS01,repeated,9,90,7,7
TRPELS2025080457c50ae6,2025-08-04,EC01,new,23,265,9,8
TRPNEL2025080494acaf0a,2025-08-04,MP01,repeated,29,288,8,9
TRPDBN2025080489e0f924,2025-08-04,KZN01,repeated,16,147,5,5
TRPPTA20250804bbbd5961,2025-08-04,GP02,new,22,273,10,8
TRPDBN20250804b820f625,2025-08-04,KZN01,repeated,15,139,7,8
TRPCPT202508040ff312f8,2025-08-04,WC01,repeated,16,170,5,6
TRPPLZ2025080462f54fa2,2025-08-04,WC02,repeated,9,95,6,9
TRPJHB20250804ebb9ed5e,2025-08-04,GP01,new,27,361,10,10
TRPPMB20250804b6b3850a,2025-08-04,KZN02,new,18,188,10,9
TRPJHB2025080439b3062a,2025-08-04,GP01,new,34,445,8,8
TRPPMB202508047d9cfcec,2025-08-04,KZN02,repeated,18,188,9,9
TRPJHB2025080453ac912a,2025-08-04,GP01,repeated,45,577,7,9
TRPPTA202508042c37816a,2025-08-04,GP02,new,21,262,9,8
TRPPLZ202508043eb96cbe,2025-08-04,WC02,repeated,9,95,9,9
TRPDBN20250804814edeb0,2025-08-04,KZN01,repeated,5,59,7,7
TRPCPT2025080494be7429,2025-08-04,WC01,repeated,14,152,6,6
TRPDBN2025080417e4cf30,2025-08-04,KZN01,repeated,16,147,6,6
TRPRST202508049fe33883,2025-08-04,NW01,repeated,19,175,7,8
TRPRST20250804865e8401,2025-08-04,NW01,new,20,183,10,9
TRPCPT202508048edd27d1,2025-08-04,WC01,repeated,20,206,7,8
TRPCPT20250804dfd45aaf,2025-08-04,WC01,repeated,15,161,5,8
TRPNEL2025080496122a2b,2025-08-04,MP01,repeated,23,234,8,9
TRPCPT20250804e9130fb8,2025-08-04,WC01,repeated,5,71,7,7
TRPRST20250804980d9812,2025-08-04,NW01,new,21,191,10,7
TRPJHB202508042cef3896,2025-08-04,GP01,repeated,34,445,7,10
TRPCPT20250804e3e6dfbf,2025-08-04,WC01,repeated,16,170,6,8
TRPCPT20250804f3c61ea0,2025-08-04,WC01,repeated,19,197,7,6
TRPCPT20250804a56db4ba,2025-08-04,WC01,new,20,206,8,8
TRPDBN20250804108428c6,2025-08-04,KZN01,repeated,15,139,6,6
TRPDBN20250804459b0a28,2025-08-04,KZN01,repeated,15,139,6,7
TRPCPT20250804fb92082c,2025-08-04,WC01,repeated,19,197,6,8
TRPCPT20250804cd0cb688,2025-08-04,WC01,repeated,8,98,5,7
TRPPLZ20250804effbae07,2025-08-04,WC02,new,19,175,9,8
TRPRST20250804ac92c92a,2025-08-04,NW01,repeated,20,183,6,7
TRPDBN202508045f4fbaf7,2025-08-04,KZN01,repeated,8,83,5,7
TRPPMB2025080454908f54,2025-08-04,KZN02,repeated,34,332,7,8
TRPCPT2025080473411e46,2025-08-04,WC01,repeated,9,107,6,6
TRPDBN20250804c950c1e2,2025-08-04,KZN01,repeated,14,131,7,6
TRPPLZ20250804da86057c,2025-08-04,WC02,repeated,25,223,6,9
TRPCPT20250804e4c15991,2025-08-04,WC01,repeated,15,161,6,5
TRPPTA20250804691f216c,2025-08-04,GP02,new,11,152,9,10
TRPJHB202508041d2139d4,2025-08-04,GP01,new,43,553,9,8
TRPDBN202508043e880e02,2025-08-04,KZN01,repeated,15,139,6,5
TRPJHB202508044a96d908,2025-08-04,GP01,repeated,43,553,7,10
TRPCPT20250804771070a8,2025-08-04,WC01,new,7,89,7,7
TRPDBN20250804351d8248,2025-08-04,KZN01,repeated,8,83,5,7
TRPNEL202508044277cf04,2025-08-04,MP01,repeated,24,243,8,8
TRPDBN202508044cbed77b,2025-08-04,KZN01,repeated,9,91,7,8
TRPBFN2025080438495904,2025-08-04,FS01,repeated,9,90,5,8
TRPJHB202508041c91615a,2025-08-04,GP01,repeated,33,433,9,8
TRPPTA20250804c530a9a6,2025-08-04,GP02,repeated,30,361,7,9
TRPNEL2025080407e8f0e8,2025-08-04,MP01,repeated,25,252,8,10
TRPPLZ202508045a9c3214,2025-08-04,WC02,repeated,19,175,7,9
TRPDBN2025080492d7cb50,2025-08-04,KZN01,repeated,7,75,7,8
TRPPMB20250804449d3040,2025-08-04,KZN02,new,31,305,10,7
TRPDBN202508041ffbf875,2025-08-04,KZN01,new,8,83,8,8
TRPCPT2025080463d327c5,2025-08-04,WC01,new,14,152,8,7
TRPDBN2025080478dd724e,2025-08-04,KZN01,repeated,17,155,5,7
TRPPMB2025080443cf2975,2025-08-04,KZN02,repeated,32,314,6,7
TRPJHB2025080460acbf40,2025-08-04,GP01,new,43,553,9,8
TRPPMB2025080467bde345,2025-08-04,KZN02,new,20,206,9,8
TRPJHB202508049ffb09e6,2025-08-04,GP01,new,18,253,10,9
TRPJHB20250804e7d3fbab,2025-08-04,GP01,new,41,529,8,8
TRPCPT202508049cdf2cb6,2025-08-04,WC01,repeated,11,125,6,8
TRPDBN2025080471fa0702,2025-08-04,KZN01,new,13,123,8,8
TRPCPT202508043b73fc29,2025-08-04,WC01,new,10,116,9,7
TRPJHB20250804528d6050,2025-08-04,GP01,new,18,253,9,8
TRPPTA2025080461318b67,2025-08-04,GP02,repeated,16,207,7,8
TRPPLZ2025080405e7f131,2025-08-04,WC02,repeated,10,103,9,6
TRPRST202508040452b46d,2025-08-04,NW01,new,11,111,9,7
TRPPLZ2025080442df96af,2025-08-04,WC02,repeated,24,215,9,6
TRPDBN202508047d7fbf6c,2025-08-04,KZN01,repeated,7,75,5,6
TRPCPT202508049b8ee4c6,2025-08-04,WC01,new,20,206,7,6
TRPBFN20250804a16ac7c5,2025-08-04,FS01,repeated,12,114,6,7
TRPCPT202508044a826d55,2025-08-04,WC01,new,8,98,8,7
TRPPMB2025080490eb412a,2025-08-04,KZN02,repeated,33,323,6,6
TRPBFN20250804a0b540b7,2025-08-04,FS01,repeated,9,90,5,7
TRPPTA20250804571a2bf8,2025-08-04,GP02,repeated,29,350,7,10
TRPDBN20250804fced5385,2025-08-04,KZN01,repeated,8,83,5,7
TRPNEL202508045c2cffcb,2025-08-04,MP01,repeated,19,198,9,8
TRPJHB202508043a89b9c2,2025-08-04,GP01,new,18,253,8,9
TRPBFN202508040531c174,2025-08-04,FS01,new,10,98,8,7
TRPBFN20250804e5a60157,2025-08-04,FS01,repeated,11,106,7,6
TRPJHB20250804880ba669,2025-08-04,GP01,new,28,373,9,8
TRPDBN202508043517c364,2025-08-04,KZN01,repeated,16,147,5,7
TRPRST20250804205a2d30,2025-08-04,NW01,repeated,17,159,9,9
TRPDBN20250804b8b719f6,2025-08-04,KZN01,repeated,17,155,6,6
TRPELS202508047203891d,2025-08-04,EC01,new,16,195,9,10
TRPCPT20250804dffed488,2025-08-04,WC01,repeated,16,170,7,5
TRPDBN202508044f3bea4c,2025-08-04,KZN01,repeated,6,67,5,8
TRPCPT20250804dbfa5399,2025-08-04,WC01,repeated,6,80,7,5
TRPDBN20250804b6365178,2025-08-04,KZN01,repeated,12,115,5,8
TRPCPT202508049d6d00f0,2025-08-04,WC01,new,20,206,8,6
TRPJHB2025080440f7d4fc,2025-08-04,GP01,repeated,26,349,7,10
TRPELS202508046679b536,2025-08-04,EC01,new,13,165,9,9
TRPPLZ20250804d78a6639,2025-08-04,WC02,repeated,11,111,8,8
TRPDBN202508040366913b,2025-08-04,KZN01,repeated,14,131,6,5
TRPNEL2025080452646d60,2025-08-04,MP01,new,24,243,8,9
TRPCPT202508046ba88164,2025-08-04,WC01,repeated,9,107,6,6
TRPCPT20250804ef0ed5ce,2025-08-04,WC01,repeated,5,71,5,7
TRPCPT2025080442e9be8f,2025-08-04,WC01,repeated,19,197,5,6
TRPCPT2025080428668868,2025-08-04,WC01,new,18,188,9,6
TRPPLZ202508040b89e108,2025-08-04,WC02,repeated,15,143,6,8
TRPCPT202508049e37bdd2,2025-08-04,WC01,repeated,18,188,5,6
TRPRST20250804b92bcc26,2025-08-04,NW01,repeated,20,183,8,6
TRPJHB20250804368e6dc8,2025-08-04,GP01,repeated,33,433,9,10
TRPBFN202508049f9a7d3a,2025-08-04,FS01,new,7,74,8,7
TRPRST20250804db25e6c6,2025-08-04,NW01,new,18,167,10,8
TRPPMB202508043a64e462,2025-08-04,KZN02,repeated,31,305,9,7
TRPCPT20250804cb3922a5,2025-08-04,WC01,new,17,179,9,6
TRPCPT20250804eb1f7dfb,2025-08-04,WC01,new,14,152,9,6
TRPPMB20250804ea6f19a2,2025-08-04,KZN02,repeated,22,224,7,6
TRPPMB20250804f7770b4e,2025-08-04,KZN02,repeated,33,323,7,9
TRPJHB20250804aae84bed,2025-08-04,GP01,new,37,481,10,9
TRPJHB20250804b39e943b,2025-08-04,GP01,repeated,33,433,7,9
TRPBFN20250804639acf38,2025-08-04,FS01,new,7,74,9,8
TRPELS20250804a351a5f8,2025-08-04,EC01,new,10,135,9,8
TRPBFN202508048cd16627,2025-08-04,FS01,new,18,162,8,8
TRPCPT2025080437f4a3fd,2025-08-04,WC01,repeated,18,188,7,8
TRPJHB2025080441c27d86,2025-08-04,GP01,new,28,373,9,9
TRPPLZ20250804362bda22,2025-08-04,WC02,repeated,9,95,8,6
TRPPTA20250804c1dd2ddd,2025-08-04,GP02,new,13,174,9,9
TRPDBN202508041189341f,2025-08-04,KZN01,repeated,17,155,5,6
TRPBFN20250804c99a6899,2025-08-04,FS01,repeated,6,66,6,6
TRPNEL2025080456cd380a,2025-08-04,MP01,repeated,11,126,8,10
TRPRST2025080470f242bd,2025-08-04,NW01,repeated,16,151,7,8
TRPJHB202508040047311f,2025-08-04,GP01,new,30,397,10,10
TRPDBN2025080457df0c5d,2025-08-04,KZN01,repeated,13,123,5,8
TRPCPT20250804c3bcdad2,2025-08-04,WC01,repeated,9,107,6,6
TRPJHB202508048dd8391d,2025-08-04,GP01,new,17,241,8,8
TRPCPT20250804520c9c83,2025-08-04,WC01,repeated,20,206,5,6
TRPDBN2025080449df47b3,2025-08-04,KZN01,repeated,6,67,7,6
TRPJHB20250804a46e88b3,2025-08-04,GP01,new,45,577,10,10
TRPDBN202508049e00379b,2025-08-04,KZN01,repeated,5,59,6,6
TRPCPT202508042b572c78,2025-08-04,WC01,new,13,143,8,7
TRPCPT2025080438e04bde,2025-08-04,WC01,new,13,143,7,8
TRPDBN2025080448dcdaeb,2025-08-04,KZN01,new,12,115,7,8
TRPCPT20250804467c03a7,2025-08-04,WC01,new,19,197,8,8
TRPPTA20250804054d3af9,2025-08-04,GP02,repeated,13,174,9,9
TRPDBN20250804777f4b6b,2025-08-04,KZN01,repeated,15,139,5,7
TRPJHB202508047e1e15a8,2025-08-04,GP01,repeated,40,517,7,8
TRPRST20250804a13dac22,2025-08-04,NW01,new,20,183,7,9
TRPCPT202508049bfacb02,2025-08-04,WC01,repeated,9,107,5,5
TRPCPT202508048666a0a2,2025-08-04,WC01,repeated,16,170,5,6
TRPNEL202508047875b016,2025-08-04,MP01,repeated,35,342,9,10
TRPJHB20250804d14932a4,2025-08-04,GP01,new,29,385,9,10
TRPNEL202508043479545b,2025-08-04,MP01,new,34,333,8,9
TRPCPT20250804c49f60a2,2025-08-04,WC01,repeated,12,134,5,7
TRPDBN202508043d3b7d48,2025-08-04,KZN01,new,10,99,7,7
TRPDBN202508047b40c884,2025-08-04,KZN01,repeated,16,147,5,5
TRPPMB20250804f3ba918a,2025-08-04,KZN02,repeated,26,260,6,6
TRPCPT202508040ea73d43,2025-08-04,WC01,new,13,143,8,8
TRPJHB202508043aa3e731,2025-08-04,GP01,repeated,31,409,9,10
TRPJHB20250804148e5a75,2025-08-04,GP01,new,33,433,10,8
TRPRST20250804900d2e56,2025-08-04,NW01,repeated,19,175,7,9
TRPBFN20250804a0c2874d,2025-08-04,FS01,repeated,10,98,7,6
TRPPLZ202508045670d2e2,2025-08-04,WC02,repeated,24,215,9,6
TRPDBN20250804a1c61b46,2025-08-04,KZN01,repeated,12,115,5,6
TRPJHB20250804be34a230,2025-08-04,GP01,new,42,541,8,8
TRPPLZ20250804633393b9,2025-08-04,WC02,new,21,191,7,7
TRPCPT20250804653f63c7,2025-08-04,WC01,new,19,197,8,6
TRPJHB202508046fb4fa1a,2025-08-04,GP01,new,18,253,9,8
TRPBFN20250804f0086354,2025-08-04,FS01,new,6,66,7,8
TRPBFN202508048aad9500,2025-08-04,FS01,new,14,130,7,6
TRPJHB20250804de34493e,2025-08-04,GP01,new,28,373,10,8
TRPCPT20250804b1ca13a4,2025-08-04,WC01,repeated,8,98,5,7
TRPCPT202508049bbb0281,2025-08-04,WC01,repeated,6,80,6,8
TRPPTA20250804eecd62b6,2025-08-04,GP02,repeated,15,196,9,10
TRPCPT20250804eb2e7ab0,2025-08-04,WC01,new,16,170,9,7
TRPPMB202508048a5a408b,2025-08-04,KZN02,repeated,20,206,6,6
TRPRST2025080434bf9eca,2025-08-04,NW01,new,16,151,9,7
TRPPMB2025080424b61546,2025-08-04,KZN02,repeated,30,296,9,7
TRPPLZ20250804df8e2506,2025-08-04,WC02,repeated,15,143,8,8
TRPPTA20250804398a9a52,2025-08-04,GP02,new,13,174,8,10
TRPCPT2025080435974584,2025-08-04,WC01,repeated,9,107,6,8
TRPELS20250804d7fc3927,2025-08-04,EC01,new,23,265,9,8
TRPBFN202508047ab6b40b,2025-08-04,FS01,repeated,16,146,6,6
TRPDBN20250804a75798e8,2025-08-04,KZN01,repeated,9,91,7,6
TRPNEL2025080402f3323b,2025-08-04,MP01,new,29,288,10,8
TRPJHB2025080430b23fa0,2025-08-04,GP01,repeated,42,541,7,10
TRPNEL2025080410c97529,2025-08-04,MP01,new,23,234,10,9
TRPPLZ202508047a877f14,2025-08-04,WC02,new,13,127,10,7
TRPPMB20250804ba653aa3,2025-08-04,KZN02,repeated,23,233,7,6
TRPCPT202508042714b7ed,2025-08-04,WC01,repeated,5,71,7,8
TRPJHB202508040b8a8d5b,2025-08-04,GP01,repeated,37,481,7,8
TRPBFN202508049b2cfb07,2025-08-04,FS01,repeated,15,138,6,8
TRPDBN20250804d9d28f7b,2025-08-04,KZN01,repeated,7,75,7,5
TRPJHB202508047fef2847,2025-08-04,GP01,repeated,33,433,7,9
TRPPTA20250804306304e5,2025-08-04,GP02,repeated,27,328,8,9
TRPCPT20250804b5874770,2025-08-04,WC01,repeated,20,206,5,6
TRPPLZ20250804174d386e,2025-08-04,WC02,repeated,19,175,7,9
TRPDBN20250804aa831600,2025-08-04,KZN01,repeated,15,139,5,7
TRPPMB20250804e03d6634,2025-08-04,KZN02,repeated,29,287,6,9
TRPPTA20250804c58707fc,2025-08-04,GP02,new,37,438,9,10
TRPPTA202508041fe125c8,2025-08-04,GP02,repeated,15,196,8,9
TRPJHB2025080454cb97ad,2025-08-04,GP01,new,41,529,8,10
TRPDBN202508049fe16045,2025-08-04,KZN01,repeated,8,83,6,6
TRPPLZ20250804db840029,2025-08-04,WC02,new,16,151,10,8
TRPJHB202508045151e19d,2025-08-04,GP01,new,16,229,8,10
TRPNEL2025080478ac0b00,2025-08-04,MP01,new,19,198,9,10
TRPCPT202508047a00dac9,2025-08-04,WC01,new,9,107,8,8
TRPPLZ20250804baf11028,2025-08-04,WC02,new,17,159,10,9
TRPJHB2025080482dcf0b0,2025-08-04,GP01,new,42,541,10,10
TRPCPT20250804a1c3d926,2025-08-04,WC01,repeated,5,71,5,8
TRPPLZ20250804f8289336,2025-08-04,WC02,new,8,87,10,9
TRPPLZ20250804ac815c36,2025-08-04,WC02,repeated,15,143,8,6
TRPPLZ20250804475fa6c3,2025-08-04,WC02,repeated,19,175,8,9
TRPCPT202508045b4bc023,2025-08-04,WC01,repeated,15,161,7,6
TRPNEL202508048c6cb7d4,2025-08-04,MP01,new,33,324,9,8
TRPCPT20250804178296b7,2025-08-04,WC01,repeated,20,206,7,6
TRPPTA202508049bd2706f,2025-08-04,GP02,new,14,185,8,9
TRPPMB2025080457e482b8,2025-08-04,KZN02,new,30,296,9,8
TRPDBN20250804f4d0f974,2025-08-04,KZN01,repeated,16,147,7,8
TRPPLZ2025080439b7a7ec,2025-08-04,WC02,repeated,19,175,6,8
TRPBFN20250804d4623897,2025-08-04,FS01,repeated,5,58,6,7
TRPPTA20250804c35e6ce5,2025-08-04,GP02,new,18,229,8,9
TRPDBN202508042fa34bda,2025-08-04,KZN01,repeated,12,115,5,8
TRPPMB20250804f889a49a,2025-08-04,KZN02,new,21,215,8,9
TRPDBN202508044a46118e,2025-08-04,KZN01,new,9,91,9,7
TRPCPT20250804b4ebd20f,2025-08-04,WC01,repeated,16,170,5,7
TRPCPT202508041ab8d755,2025-08-04,WC01,repeated,7,89,5,6
TRPCPT202508044789f35d,2025-08-04,WC01,new,16,170,9,7
TRPJHB202508044c4af022,2025-08-04,GP01,repeated,24,325,7,10
TRPJHB202508048d6de872,2025-08-04,GP01,new,23,313,9,10
TRPPLZ20250804ce4448f1,2025-08-04,WC02,repeated,23,207,8,6
TRPJHB20250804a2629135,2025-08-04,GP01,new,22,301,9,8
TRPPTA202508046397df9e,2025-08-04,GP02,new,12,163,8,8
TRPRST20250804e5a85e05,2025-08-04,NW01,repeated,19,175,8,6
TRPCPT20250804f552d621,2025-08-04,WC01,repeated,17,179,5,6
TRPPMB202508043128fcbc,2025-08-04,KZN02,new,33,323,10,9
TRPDBN20250804facabc51,2025-08-04,KZN01,repeated,6,67,5,6
TRPELS20250804e80cd095,2025-08-04,EC01,new,22,255,10,8
TRPDBN202508041ae9e5f5,2025-08-04,KZN01,repeated,8,83,5,5
TRPNEL202508042b5a004c,2025-08-04,MP01,new,26,261,9,8
TRPPMB202508047b3f1fc6,2025-08-04,KZN02,repeated,22,224,8,9
TRPPMB202508041f27fed9,2025-08-04,KZN02,repeated,19,197,6,7
TRPDBN2025080487b17eff,2025-08-04,KZN01,repeated,6,67,6,6
TRPRST202508040def189d,2025-08-04,NW01,repeated,19,175,6,6
TRPBFN202508041214fe41,2025-08-04,FS01,repeated,5,58,7,5
TRPELS202508040927a1b2,2025-08-04,EC01,new,16,195,8,10
TRPCPT20250804c0bdc096,2025-08-04,WC01,repeated,12,134,5,5
TRPRST202508045808395c,2025-08-04,NW01,repeated,16,151,7,9
TRPBFN20250804a71063e2,2025-08-04,FS01,new,13,122,9,8
TRPCPT202508046c85291b,2025-08-04,WC01,repeated,17,179,5,7
TRPNEL20250804dfdad130,2025-08-04,MP01,repeated,21,216,9,10
TRPRST202508046772f487,2025-08-04,NW01,new,20,183,8,7
TRPJHB20250804b694714e,2025-08-04,GP01,new,42,541,10,8
TRPPMB2025080407419bdb,2025-08-04,KZN02,repeated,18,188,6,8
TRPBFN2025080489f2f01a,2025-08-04,FS01,repeated,11,106,6,8
TRPPMB20250804e4ad4faa,2025-08-04,KZN02,repeated,23,233,6,8
TRPPLZ20250804b36ceae7,2025-08-04,WC02,new,24,215,7,7
TRPPMB202508040c814191,2025-08-04,KZN02,repeated,29,287,8,6
TRPNEL20250804ba05ff5f,2025-08-04,MP01,new,30,297,10,8
TRPCPT20250804762a45b1,2025-08-04,WC01,repeated,20,206,5,5
TRPCPT2025080493af9088,2025-08-04,WC01,repeated,15,161,5,8
TRPJHB202508044627c97b,2025-08-04,GP01,new,24,325,9,10
TRPJHB202508047ce9b5b6,2025-08-04,GP01,repeated,45,577,9,8
TRPDBN20250804c4f784bc,2025-08-04,KZN01,repeated,9,91,6,6
TRPDBN20250804951aee16,2025-08-04,KZN01,repeated,12,115,6,5
TRPCPT20250804bc05d3fd,2025-08-04,WC01,repeated,14,152,6,8
TRPBFN202508049ad5d23b,2025-08-04,FS01,repeated,12,114,7,5
TRPDBN202508041338ba62,2025-08-04,KZN01,repeated,7,75,7,8
TRPJHB2025080463e5ce4a,2025-08-04,GP01,new,21,289,8,8
TRPNEL20250804382a7cfc,2025-08-04,MP01,new,16,171,8,8
TRPBFN20250804951096b9,2025-08-04,FS01,repeated,5,58,7,5
TRPDBN20250804a165c9bb,2025-08-04,KZN01,repeated,7,75,7,5
TRPJHB202508042f24ad71,2025-08-04,GP01,repeated,44,565,7,9
TRPJHB202508048f729fa4,2025-08-04,GP01,repeated,30,397,8,8
TRPPLZ2025080475dd9aa7,2025-08-04,WC02,repeated,25,223,9,8
TRPJHB20250804033c94e9,2025-08-04,GP01,new,33,433,8,10
TRPCPT2025080426fcd1f1,2025-08-04,WC01,new,20,206,9,6
TRPJHB202508048c06129c,2025-08-04,GP01,repeated,17,241,9,8
TRPRST202508046a2801cd,2025-08-04,NW01,repeated,11,111,7,6
TRPJHB20250804e52e34d3,2025-08-04,GP01,new,42,541,8,9
TRPJHB2025080427d3e07c,2025-08-04,GP01,new,43,553,8,8
TRPNEL20250804527766a9,2025-08-04,MP01,new,26,261,9,9
TRPDBN202508042eee836f,2025-08-04,KZN01,repeated,17,155,6,5
TRPPLZ20250804d404ad35,2025-08-04,WC02,new,18,167,10,8
TRPPTA202508042653757b,2025-08-04,GP02,new,34,405,10,9
TRPCPT20250804229e5bd5,2025-08-04,WC01,repeated,11,125,7,6
TRPELS20250804ec67efcb,2025-08-04,EC01,new,9,125,8,9
TRPDBN2025080400234ea3,2025-08-04,KZN01,repeated,9,91,6,5
TRPPTA20250804e29325c2,2025-08-04,GP02,new,24,295,10,9
TRPJHB20250804f728178a,2025-08-04,GP01,new,43,553,10,8
TRPJHB2025080466187b61,2025-08-04,GP01,repeated,23,313,7,8
TRPPLZ20250804d1498af2,2025-08-04,WC02,repeated,13,127,7,8
TRPBFN20250804d1e9aad8,2025-08-04,FS01,new,15,138,8,7
TRPPMB20250804c783c7f7,2025-08-04,KZN02,new,35,341,7,9
TRPCPT202508049bba8cc7,2025-08-04,WC01,repeated,16,170,6,7
TRPDBN202508041a37261c,2025-08-04,KZN01,repeated,17,155,7,6
TRPPMB20250804302fd4eb,2025-08-04,KZN02,repeated,28,278,6,9
TRPDBN202508044ff07d28,2025-08-04,KZN01,repeated,10,99,5,8
TRPCPT20250804aee01e2d,2025-08-04,WC01,repeated,11,125,5,7
TRPNEL20250804eda0514b,2025-08-04,MP01,new,32,315,9,10
TRPCPT2025080491291df3,2025-08-04,WC01,new,18,188,8,7
TRPJHB202508043a22cfc6,2025-08-04,GP01,new,41,529,9,9
TRPJHB20250804ac99bea5,2025-08-04,GP01,new,45,577,10,8
TRPRST20250804920070c7,2025-08-04,NW01,new,9,95,9,8
TRPPTA202508044a3701a3,2025-08-04,GP02,new,20,251,10,8
TRPJHB20250804b7791293,2025-08-04,GP01,repeated,29,385,7,8
TRPPTA20250804ab0019df,2025-08-04,GP02,repeated,29,350,7,9
TRPPLZ20250804c6956e32,2025-08-04,WC02,new,22,199,8,8
TRPCPT20250804fcceb2ba,2025-08-04,WC01,repeated,15,161,7,8
TRPPLZ2025080435535d11,2025-08-04,WC02,new,20,183,7,9
TRPDBN20250804fd7622f4,2025-08-04,KZN01,repeated,5,59,5,5
TRPRST2025080496b4bd4b,2025-08-04,NW01,repeated,20,183,9,8
TRPDBN20250804ecea606c,2025-08-04,KZN01,new,15,139,8,8
TRPCPT20250804621dd791,2025-08-04,WC01,new,6,80,9,7
TRPJHB2025080434c2c405,2025-08-04,GP01,new,28,373,10,9
TRPBFN2025080411db04ed,2025-08-04,FS01,repeated,10,98,6,8
TRPPMB20250804c0ba31bc,2025-08-04,KZN02,repeated,26,260,7,6
TRPPMB20250804f0b85e21,2025-08-04,KZN02,repeated,28,278,7,8
TRPPLZ20250804b67fa454,2025-08-04,WC02,repeated,23,207,6,7
TRPDBN20250804b732d3c8,2025-08-04,KZN01,repeated,14,131,1,3
TRPPMB2025080451e03142,2025-08-04,KZN02,new,18,188,8,7
TRPPLZ202508045260faad,2025-08-04,WC02,repeated,19,175,7,9
TRPNEL20250804b307a4a6,2025-08-04,MP01,repeated,28,279,8,9
TRPPMB20250804be951e68,2025-08-04,KZN02,repeated,31,305,9,6
TRPJHB20250804c52625d0,2025-08-04,GP01,new,22,301,10,8
TRPBFN2025080433a4c9b9,2025-08-04,FS01,repeated,15,138,5,6
TRPPTA202508044e8cf6b4,2025-08-04,GP02,new,29,350,9,8
TRPPMB20250804f8430661,2025-08-04,KZN02,new,21,215,10,9
TRPCPT20250804715ee258,2025-08-04,WC01,repeated,8,98,5,7
TRPPLZ20250804ed840ee1,2025-08-04,WC02,repeated,22,199,9,6
TRPCPT2025080421812ffa,2025-08-04,WC01,repeated,6,80,5,7
TRPDBN202508046465c097,2025-08-04,KZN01,repeated,5,59,7,6
TRPPMB20250804b84e5d8f,2025-08-04,KZN02,new,22,224,9,7
TRPPTA20250804b108dedc,2025-08-04,GP02,new,30,361,9,10
TRPPTA202508045803ba63,2025-08-04,GP02,repeated,32,383,9,10
TRPCPT2025080463eb8e2a,2025-08-04,WC01,repeated,18,188,6,6
TRPPLZ20250804b0547838,2025-08-04,WC02,repeated,24,215,6,6
TRPCPT202508040776a48c,2025-08-04,WC01,repeated,13,143,7,5
TRPJHB202508042196bbfe,2025-08-04,GP01,new,45,577,10,9
TRPBFN20250804df429c05,2025-08-04,FS01,repeated,6,66,7,8
TRPJHB202508040b1af989,2025-08-04,GP01,repeated,43,553,8,10
TRPRST2025080454639e22,2025-08-04,NW01,repeated,16,151,7,9
TRPJHB20250804163d41da,2025-08-04,GP01,repeated,22,301,7,10
TRPJHB20250804fa0841a6,2025-08-04,GP01,repeated,15,217,8,10
TRPDBN20250804f1476954,2025-08-04,KZN01,repeated,9,91,5,8
TRPPLZ20250804b14d0366,2025-08-04,WC02,repeated,12,119,9,7
TRPPMB20250804fbd24f0e,2025-08-04,KZN02,repeated,26,260,9,9
TRPPTA202508042608d07b,2025-08-04,GP02,repeated,10,141,7,8
TRPPLZ2025080430046027,2025-08-04,WC02,repeated,8,87,9,8
TRPCPT202508049ad79b53,2025-08-04,WC01,repeated,17,179,6,5
TRPJHB20250804138deeef,2025-08-04,GP01,new,37,481,8,9
TRPPMB202508046f8f9a2a,2025-08-04,KZN02,repeated,32,314,9,7
TRPCPT2025080455110abe,2025-08-04,WC01,repeated,17,179,6,6
TRPJHB20250804f02866f3,2025-08-04,GP01,repeated,22,301,9,10
TRPPTA20250804e7f9b15c,2025-08-04,GP02,new,24,295,10,9
TRPCPT202508046f2b32e5,2025-08-04,WC01,repeated,12,134,7,7
TRPJHB20250804307594bf,2025-08-04,GP01,repeated,44,565,8,9
TRPPMB202508044aa5c50f,2025-08-04,KZN02,repeated,33,323,6,7
TRPPLZ20250804099d29df,2025-08-04,WC02,repeated,10,103,7,9
TRPJHB20250804d064e5c9,2025-08-04,GP01,new,17,241,8,9
TRPCPT20250804638f231d,2025-08-04,WC01,repeated,8,98,6,6
TRPCPT20250804a199926a,2025-08-04,WC01,repeated,9,107,7,6
TRPDBN2025080477b4dd88,2025-08-04,KZN01,repeated,8,83,7,5
TRPBFN2025080476a0e5d7,2025-08-04,FS01,repeated,18,162,5,6
TRPDBN20250804cd3d4249,2025-08-04,KZN01,new,8,83,8,7
TRPCPT202508047873a72f,2025-08-04,WC01,repeated,5,71,7,6
TRPPMB202508046787034d,2025-08-04,KZN02,repeated,28,278,9,7
TRPDBN202508044605d8ca,2025-08-04,KZN01,repeated,13,123,7,6
TRPRST2025080460dd1b78,2025-08-04,NW01,new,9,95,7,9
TRPDBN202508043dbef8d8,2025-08-04,KZN01,repeated,14,131,6,5
TRPCPT20250804184cf92d,2025-08-04,WC01,new,13,143,7,8
TRPJHB202508040a60801e,2025-08-04,GP01,new,33,433,8,10
TRPJHB20250804809365c7,2025-08-04,GP01,new,43,553,10,9
TRPPLZ20250804ac119259,2025-08-04,WC02,new,16,151,9,7
TRPJHB20250804012a0464,2025-08-04,GP01,new,31,409,8,10
TRPBFN2025080461bc82b1,2025-08-04,FS01,repeated,7,74,7,8
TRPPLZ202508040032f9a7,2025-08-04,WC02,repeated,24,215,8,7
TRPNEL202508042719f242,2025-08-04,MP01,repeated,24,243,9,9
TRPPMB202508047413ce61,2025-08-04,KZN02,new,27,269,8,8
TRPRST20250804d5fb88b6,2025-08-04,NW01,repeated,19,175,7,7
TRPJHB202508046c2e5f76,2025-08-04,GP01,repeated,18,253,8,10
TRPCPT2025080495c95c74,2025-08-04,WC01,repeated,10,116,6,8
TRPNEL202508044ee41e07,2025-08-04,MP01,new,25,252,10,10
TRPPLZ20250804102f13c3,2025-08-04,WC02,repeated,17,159,7,6
TRPNEL202508049e331184,2025-08-04,MP01,new,28,279,8,10
TRPPLZ20250804c88e5f71,2025-08-04,WC02,repeated,12,119,6,6
TRPPMB2025080439cf33ad,2025-08-04,KZN02,repeated,22,224,8,7
TRPRST202508041578e946,2025-08-04,NW01,repeated,10,103,6,7
TRPNEL20250804910a3d40,2025-08-04,MP01,repeated,17,180,8,10
TRPCPT202508046fe8e584,2025-08-04,WC01,repeated,15,161,6,6
TRPDBN2025080400c65d35,2025-08-04,KZN01,repeated,6,67,5,6
TRPCPT20250804a75cd6d9,2025-08-04,WC01,new,6,80,8,8
TRPCPT20250804fc728913,2025-08-04,WC01,repeated,14,152,5,5
TRPCPT2025080465d4d31c,2025-08-04,WC01,new,5,71,7,8
TRPJHB20250804df3386dc,2025-08-04,GP01,repeated,41,529,7,9
TRPPMB20250804ad96b6ad,2025-08-04,KZN02,new,22,224,9,8
TRPCPT202508045ca15704,2025-08-04,WC01,repeated,9,107,5,5
TRPPLZ20250804cabb755c,2025-08-04,WC02,new,9,95,8,8
TRPRST20250804ebb7ad3a,2025-08-04,NW01,new,16,151,7,9
TRPPTA2025080475283794,2025-08-04,GP02,new,19,240,9,8
TRPRST202508046d59f53d,2025-08-04,NW01,repeated,16,151,6,9
TRPPTA2025080427172bae,2025-08-04,GP02,repeated,15,196,8,9
TRPPTA20250804d5e66f54,2025-08-04,GP02,repeated,23,284,8,9
TRPPTA20250804acb7e4e8,2025-08-04,GP02,repeated,18,229,8,9
TRPDBN2025080468db1617,2025-08-04,KZN01,repeated,5,59,6,8
TRPPLZ2025080492e6e53b,2025-08-04,WC02,repeated,23,207,7,6
TRPCPT20250804408fc5eb,2025-08-04,WC01,repeated,13,143,7,5
TRPCPT202508047ee3f610,2025-08-04,WC01,repeated,5,71,7,8
TRPPTA202508043ca697ec,2025-08-04,GP02,new,13,174,8,10
TRPCPT20250804169f6754,2025-08-04,WC01,new,16,170,9,7
TRPJHB20250804b51e5c1d,2025-08-04,GP01,repeated,44,565,7,10
TRPJHB20250804e86d9351,2025-08-04,GP01,repeated,43,553,7,9
TRPJHB202508045ccb9a0b,2025-08-04,GP01,new,28,373,9,8
TRPPLZ202508042ec6a38f,2025-08-04,WC02,repeated,21,191,6,7
TRPDBN202508040eff3860,2025-08-04,KZN01,repeated,8,83,6,5
TRPJHB202508049c18fbc5,2025-08-04,GP01,repeated,15,217,9,10
TRPJHB20250804ff2f03fe,2025-08-04,GP01,repeated,38,493,7,8
TRPDBN20250804f0fa1ae1,2025-08-04,KZN01,repeated,11,107,7,5
TRPDBN20250804444d8587,2025-08-04,KZN01,new,9,91,7,6
TRPPMB202508047d2a0fa8,2025-08-04,KZN02,new,24,242,7,7
TRPDBN20250804ed16b09a,2025-08-04,KZN01,repeated,5,59,7,6
TRPBFN20250804a8a51b40,2025-08-04,FS01,repeated,11,106,5,6
TRPPMB20250804f0f10c54,2025-08-04,KZN02,new,12,134,9,7
TRPPLZ20250804f3c0a3c1,2025-08-04,WC02,new,10,103,7,7
TRPCPT20250804bf68a9cc,2025-08-04,WC01,new,19,197,9,7
TRPPLZ202508048870a648,2025-08-04,WC02,repeated,17,159,8,8
TRPPMB20250804095ca58d,2025-08-04,KZN02,new,19,197,7,9
TRPRST202508040490dd99,2025-08-04,NW01,new,22,199,8,8
TRPNEL20250804515a42f9,2025-08-04,MP01,new,34,333,9,10
TRPPMB20250804181e63a8,2025-08-04,KZN02,new,28,278,7,8
TRPJHB202508044f37037f,2025-08-04,GP01,repeated,39,505,8,9
TRPJHB202508043066d109,2025-08-04,GP01,repeated,40,517,8,8
TRPDBN2025080460e3026b,2025-08-04,KZN01,repeated,10,99,5,5
TRPJHB20250804e207d2d3,2025-08-04,GP01,new,19,265,9,9
TRPJHB20250804be68e067,2025-08-04,GP01,new,45,577,9,8
TRPCPT20250804f50f0a72,2025-08-04,WC01,repeated,15,161,5,6
TRPPTA20250804aa08f553,2025-08-04,GP02,repeated,16,207,7,10
TRPPTA202508044e9fbe38,2025-08-04,GP02,new,15,196,10,8
TRPRST2025080478f26e18,2025-08-04,NW01,repeated,20,183,8,8
TRPCPT20250804be4d9ec4,2025-08-04,WC01,new,13,143,7,6
TRPCPT202508044ce473dd,2025-08-04,WC01,repeated,8,98,7,5
TRPCPT20250804e0b30098,2025-08-04,WC01,repeated,18,188,7,6
TRPELS20250804944aab29,2025-08-04,EC01,repeated,18,215,9,9
TRPJHB20250804b99ccad5,2025-08-04,GP01,new,45,577,10,8
TRPPMB20250804f49e06fb,2025-08-04,KZN02,repeated,23,233,6,8
TRPRST2025080415df2c43,2025-08-04,NW01,new,21,191,8,8
TRPCPT202508047cde9ed0,2025-08-04,WC01,new,6,80,9,6
TRPPLZ2025080412a1eb03,2025-08-04,WC02,new,18,167,7,9
TRPJHB202508041f8d5f3b,2025-08-04,GP01,new,42,541,9,10
TRPDBN20250804d796a2e1,2025-08-04,KZN01,new,5,59,9,7
TRPRST2025080459e02a96,2025-08-04,NW01,repeated,16,151,9,7
TRPPMB20250804f82eed52,2025-08-04,KZN02,new,13,143,7,9
TRPJHB20250804ac15ced4,2025-08-04,GP01,repeated,17,241,8,8
TRPJHB20250804903193ef,2025-08-04,GP01,new,34,445,9,9
TRPPTA20250804d99a18a6,2025-08-04,GP02,new,18,229,8,10
TRPDBN202508047c7b6a80,2025-08-04,KZN01,repeated,14,131,7,5
TRPPTA2025080483dca4ce,2025-08-04,GP02,repeated,31,372,8,9
TRPPTA20250804a227fb9f,2025-08-04,GP02,repeated,32,383,7,9
TRPBFN20250804728cdcfd,2025-08-04,FS01,repeated,12,114,6,5
TRPPLZ2025080422d193be,2025-08-04,WC02,new,9,95,7,8
TRPJHB2025080454ded3eb,2025-08-04,GP01,repeated,43,553,8,8
TRPRST20250804c3e3eee0,2025-08-04,NW01,new,15,143,10,9
TRPDBN20250804b16b89b8,2025-08-04,KZN01,repeated,6,67,5,8
TRPNEL202508048cd19b94,2025-08-04,MP01,new,24,243,10,9
TRPPMB202508044e6eef2f,2025-08-04,KZN02,new,35,341,7,7
TRPCPT2025080418a8132a,2025-08-04,WC01,new,8,98,8,7
TRPRST2025080447316f5b,2025-08-04,NW01,repeated,18,167,6,9
TRPDBN20250804e2869e29,2025-08-04,KZN01,new,16,147,9,6
TRPCPT20250804d6304df1,2025-08-04,WC01,repeated,5,71,7,7
TRPPLZ202508044311700b,2025-08-04,WC02,repeated,8,87,7,8
TRPJHB202508040328be38,2025-08-04,GP01,new,28,373,10,8
TRPELS2025080444e9c5f7,2025-08-04,EC01,new,11,145,9,8
TRPCPT20250804dc2e0f8e,2025-08-04,WC01,repeated,18,188,5,5
TRPCPT20250804d2961806,2025-08-04,WC01,repeated,19,197,5,7
TRPPMB20250804972174a5,2025-08-04,KZN02,repeated,29,287,8,7
TRPJHB202508048dfaa6b1,2025-08-04,GP01,new,42,541,10,8
TRPRST20250804fdcc7763,2025-08-04,NW01,repeated,16,151,9,6
TRPDBN202508046db61ce0,2025-08-04,KZN01,repeated,9,91,6,8
TRPPMB202508048f9ba72e,2025-08-04,KZN02,new,20,206,7,7
TRPJHB202508047514f417,2025-08-04,GP01,new,31,409,9,8
TRPJHB202508046cd3f1cb,2025-08-04,GP01,repeated,28,373,7,8
TRPCPT20250804dd219640,2025-08-04,WC01,new,10,116,9,6
TRPNEL20250804c8f12f85,2025-08-04,MP01,repeated,34,333,8,8
TRPNEL2025080440beeedd,2025-08-04,MP01,new,14,153,10,10
TRPCPT20250804d6910a6a,2025-08-04,WC01,repeated,9,107,5,5
TRPPTA20250804337e875b,2025-08-04,GP02,new,11,152,8,10
TRPJHB202508044111d281,2025-08-04,GP01,repeated,32,421,7,8
TRPBFN2025080482a70c87,2025-08-04,FS01,repeated,17,154,6,5
TRPNEL2025080488ef8cdc,2025-08-04,MP01,repeated,22,225,9,9
TRPDBN20250804ef87428d,2025-08-04,KZN01,repeated,12,115,5,5
TRPDBN20250804cbbd75a7,2025-08-04,KZN01,repeated,15,139,5,6
TRPPTA20250804f0c891ae,2025-08-04,GP02,new,30,361,10,9
TRPCPT20250804f69a481e,2025-08-04,WC01,repeated,20,206,5,6
TRPDBN20250804d0b99f89,2025-08-04,KZN01,repeated,6,67,6,5
TRPRST2025080445e21cb7,2025-08-04,NW01,repeated,17,159,6,6
TRPJHB202508049b8e98ea,2025-08-04,GP01,repeated,25,337,9,8
TRPDBN202508049c291d01,2025-08-04,KZN01,new,8,83,8,8
TRPPMB20250804991a4653,2025-08-04,KZN02,repeated,27,269,8,7
TRPJHB202508042e52c7df,2025-08-04,GP01,new,19,265,9,8
TRPPLZ202508043f5ec6e3,2025-08-04,WC02,new,22,199,7,7
TRPDBN20250804a58cf56d,2025-08-04,KZN01,new,9,91,9,7
TRPCPT202508045f3f77d3,2025-08-04,WC01,repeated,9,107,6,7
TRPJHB20250804d3f78c09,2025-08-04,GP01,repeated,35,457,8,8
TRPDBN20250804975c95d3,2025-08-04,KZN01,repeated,7,75,5,5
TRPCPT20250804fa70ab48,2025-08-04,WC01,repeated,17,179,6,6
TRPPMB2025080477d3ba1e,2025-08-04,KZN02,repeated,35,341,8,6
TRPCPT2025080444ba1c9f,2025-08-04,WC01,repeated,16,170,6,5
TRPCPT20250804f3be4026,2025-08-04,WC01,repeated,20,206,7,6
TRPBFN20250804e0ad73e0,2025-08-04,FS01,repeated,18,162,7,6
TRPDBN20250804d21b208e,2025-08-04,KZN01,repeated,9,91,7,6
TRPRST20250804d405a743,2025-08-04,NW01,repeated,17,159,9,6
TRPDBN2025080467ad469f,2025-08-04,KZN01,repeated,5,59,6,7
TRPDBN2025080499a361ee,2025-08-04,KZN01,new,12,115,7,6
TRPJHB20250804886f8b7c,2025-08-04,GP01,repeated,45,577,9,10
TRPCPT20250804a479862e,2025-08-04,WC01,repeated,15,161,6,5
TRPCPT20250804e1be95be,2025-08-04,WC01,repeated,13,143,7,7
TRPCPT202508044e026013,2025-08-04,WC01,repeated,9,107,7,5
TRPPTA2025080490d92026,2025-08-04,GP02,new,33,394,8,8
TRPNEL20250804058509fc,2025-08-04,MP01,repeated,26,261,7,8
TRPJHB202508043bfc50eb,2025-08-04,GP01,new,20,277,8,9
TRPRST20250804d8f0b827,2025-08-04,NW01,repeated,11,111,8,8
TRPCPT20250804c7f4e9c0,2025-08-04,WC01,repeated,16,170,6,7
TRPPLZ20250804168d653a,2025-08-04,WC02,repeated,21,191,6,8
TRPPTA202508047a1134ca,2025-08-04,GP02,repeated,27,328,9,10
TRPJHB202508043470af4d,2025-08-04,GP01,new,21,289,8,9
TRPDBN2025080467cfbb8c,2025-08-04,KZN01,repeated,17,155,7,6
TRPCPT20250804f0310a29,2025-08-04,WC01,repeated,5,71,5,5
TRPDBN202508046162954e,2025-08-04,KZN01,repeated,8,83,5,6
TRPPMB20250804922f6f77,2025-08-04,KZN02,new,20,206,10,7
TRPDBN202508045da0cda5,2025-08-04,KZN01,repeated,16,147,5,8
TRPRST20250804e25e83e2,2025-08-04,NW01,repeated,21,191,6,6
TRPPLZ2025080498a7f43e,2025-08-04,WC02,new,11,111,8,9
TRPPMB202508041427066a,2025-08-04,KZN02,new,20,206,9,8
TRPPMB20250804304b7a70,2025-08-04,KZN02,repeated,15,161,6,7
TRPCPT20250804fde8badb,2025-08-04,WC01,new,17,179,7,8
TRPJHB2025080410875e0d,2025-08-04,GP01,new,15,217,8,9
TRPPLZ20250804ff7757a6,2025-08-04,WC02,new,22,199,7,7
TRPCPT20250804015ed53c,2025-08-04,WC01,repeated,5,71,7,8
TRPBFN202508047c2874bc,2025-08-04,FS01,new,13,122,9,8
TRPDBN2025080403003c2e,2025-08-04,KZN01,new,5,59,9,7
TRPCPT202508046e24bb96,2025-08-04,WC01,repeated,18,188,5,7
TRPRST20250804131c1df4,2025-08-04,NW01,new,10,103,8,8
TRPJHB20250804fc330828,2025-08-04,GP01,new,28,373,9,10
TRPPTA20250804de9a4e03,2025-08-04,GP02,new,15,196,10,9
TRPPMB20250804318b833c,2025-08-04,KZN02,new,16,170,7,8
TRPPLZ20250804b13304f4,2025-08-04,WC02,repeated,12,119,8,7
TRPPLZ20250804a86a1540,2025-08-04,WC02,new,25,223,7,9
TRPDBN20250804d14aeb2c,2025-08-04,KZN01,repeated,8,83,5,6
TRPJHB20250804b035c804,2025-08-04,GP01,new,22,301,10,8
TRPCPT202508042e0abe31,2025-08-04,WC01,repeated,13,143,5,5
TRPDBN20250804e85eca48,2025-08-04,KZN01,new,13,123,7,7
TRPCPT20250804ffb2e4f7,2025-08-04,WC01,repeated,10,116,6,7
TRPCPT20250804070b09d0,2025-08-04,WC01,repeated,9,107,6,5
TRPRST2025080458237d08,2025-08-04,NW01,repeated,15,143,6,9
TRPDBN2025080494825b54,2025-08-04,KZN01,repeated,6,67,5,6
TRPPLZ2025080433cbd8de,2025-08-04,WC02,new,10,103,8,7
TRPCPT202508045369aad6,2025-08-04,WC01,repeated,16,170,5,6
TRPPMB202508042d0ea45f,2025-08-04,KZN02,new,23,233,8,9
TRPPTA20250804e2c1e9c4,2025-08-04,GP02,repeated,17,218,9,9
TRPDBN20250804b3e60bf5,2025-08-04,KZN01,repeated,16,147,5,8
TRPPMB20250804ca89532e,2025-08-04,KZN02,repeated,19,197,9,6
TRPBFN20250804e38073ed,2025-08-04,FS01,repeated,12,114,5,6
TRPJHB20250804f5d4c11d,2025-08-04,GP01,new,17,241,9,8
TRPJHB202508042b9076f4,2025-08-04,GP01,repeated,35,457,7,8
TRPJHB20250804f5303f7b,2025-08-04,GP01,new,27,361,8,8
TRPPLZ20250804340dc1a7,2025-08-04,WC02,new,12,119,10,7
TRPDBN2025080478e535fa,2025-08-04,KZN01,new,9,91,7,6
TRPJHB2025080458bdd415,2025-08-04,GP01,new,19,265,9,9
TRPCPT20250804b5bb0b1a,2025-08-04,WC01,repeated,15,161,5,5
TRPPLZ20250804028dcee6,2025-08-04,WC02,new,20,183,8,9
TRPCPT20250804848f5877,2025-08-04,WC01,new,8,98,9,7
TRPJHB20250804e874e053,2025-08-04,GP01,new,28,373,9,10
TRPCPT2025080453d19ce8,2025-08-04,WC01,repeated,18,188,7,5
TRPJHB202508049339119a,2025-08-04,GP01,repeated,18,253,9,10
TRPCPT2025080453ba4eba,2025-08-04,WC01,new,20,206,9,7
TRPJHB20250804f56dbbcc,2025-08-04,GP01,repeated,45,577,9,8
TRPDBN20250804e3187a11,2025-08-04,KZN01,repeated,6,67,5,8
TRPCPT2025080410de4fc5,2025-08-04,WC01,repeated,5,71,7,7
TRPRST202508048c504336,2025-08-04,NW01,repeated,19,175,6,7
TRPRST20250804709d2e8c,2025-08-04,NW01,new,11,111,10,8
TRPJHB20250804d9ae006b,2025-08-04,GP01,repeated,24,325,9,9
TRPNEL20250804f02eeb5a,2025-08-04,MP01,repeated,30,297,8,10
TRPCPT202508046445565c,2025-08-04,WC01,repeated,13,143,5,6
TRPDBN202508041e986758,2025-08-04,KZN01,repeated,12,115,5,7
TRPELS20250804a4527869,2025-08-04,EC01,new,11,145,8,8
TRPBFN202508047156f04f,2025-08-04,FS01,repeated,17,154,6,7
TRPBFN202508044355aba4,2025-08-04,FS01,repeated,15,138,6,6
TRPCPT202508044480afa2,2025-08-04,WC01,repeated,15,161,5,5
TRPCPT2025080441cdc8d4,2025-08-04,WC01,new,10,116,7,8
TRPDBN2025080417ed0ca3,2025-08-04,KZN01,repeated,10,99,7,6
TRPCPT20250804803f1a73,2025-08-04,WC01,repeated,20,206,7,5
TRPJHB20250804b1a114fd,2025-08-04,GP01,repeated,45,577,8,10
TRPJHB202508044c13294a,2025-08-04,GP01,repeated,35,457,8,9
TRPCPT20250804ac182b28,2025-08-04,WC01,repeated,7,89,6,7
TRPJHB20250804fbe86dae,2025-08-04,GP01,new,28,373,9,9
TRPCPT20250804c08b3cdb,2025-08-04,WC01,repeated,12,134,5,7
TRPNEL20250804b6954a63,2025-08-04,MP01,new,19,198,8,9
TRPNEL20250804200d60d4,2025-08-04,MP01,new,18,189,10,9
TRPCPT20250804302c90a1,2025-08-04,WC01,repeated,8,98,6,6
TRPDBN20250804116c21cc,2025-08-04,KZN01,new,12,115,7,7
TRPPLZ202508046119c1a6,2025-08-04,WC02,new,23,207,9,8
TRPBFN20250804a82b3c1d,2025-08-04,FS01,new,16,146,9,7
TRPPLZ202508041a003519,2025-08-04,WC02,new,18,167,8,7
TRPPTA20250804548a4a7e,2025-08-04,GP02,new,15,196,8,8
TRPBFN20250804c17567a9,2025-08-04,FS01,repeated,9,90,7,8
TRPCPT202508040fd9dead,2025-08-04,WC01,repeated,19,197,6,8
TRPJHB202508043ec0566a,2025-08-04,GP01,repeated,29,385,8,8
TRPCPT202508045f703aaf,2025-08-04,WC01,new,5,71,8,6
TRPJHB20250804e2572182,2025-08-04,GP01,new,33,433,10,9
TRPDBN20250804b48d21a1,2025-08-04,KZN01,repeated,12,115,6,8
TRPJHB20250804d28221fe,2025-08-04,GP01,new,23,313,9,9
TRPCPT2025080437cd7087,2025-08-04,WC01,repeated,16,170,6,6
TRPJHB202508047b89bd1c,2025-08-04,GP01,new,17,241,8,8
TRPJHB20250804a5be993e,2025-08-04,GP01,repeated,26,349,8,8
TRPPLZ20250804a1f632e3,2025-08-04,WC02,repeated,17,159,8,6
TRPPLZ20250804dc8d1e55,2025-08-04,WC02,repeated,18,167,7,6
TRPBFN2025080416b9c91d,2025-08-04,FS01,repeated,10,98,6,6
TRPCPT20250804bd84565e,2025-08-04,WC01,repeated,19,197,7,5
TRPPTA20250804c0fdb666,2025-08-04,GP02,repeated,31,372,8,9
TRPDBN202508049a56f98b,2025-08-04,KZN01,new,17,155,7,8
TRPPMB202508043badc97f,2025-08-04,KZN02,new,17,179,10,9
TRPCPT20250804de99062c,2025-08-04,WC01,repeated,18,188,5,8
TRPJHB20250804d2c72484,2025-08-04,GP01,repeated,38,493,9,10
TRPJHB2025080488654cb1,2025-08-04,GP01,repeated,29,385,7,10
TRPCPT20250804c0b2c23a,2025-08-04,WC01,new,19,197,7,6
TRPCPT202508047234f889,2025-08-04,WC01,repeated,16,170,6,8
TRPDBN20250804656cd870,2025-08-04,KZN01,new,8,83,9,8
TRPCPT20250804caa0c795,2025-08-04,WC01,new,14,152,9,8
TRPPLZ20250804160025bf,2025-08-04,WC02,repeated,8,87,8,7
TRPCPT20250804721dadab,2025-08-04,WC01,repeated,15,161,5,7
TRPCPT2025080410184d80,2025-08-04,WC01,repeated,20,206,7,7
TRPRST20250804e5d676be,2025-08-04,NW01,repeated,10,103,6,6
TRPCPT20250804ea5bec9b,2025-08-04,WC01,repeated,12,134,7,5
TRPPLZ20250804817dcdfe,2025-08-04,WC02,new,16,151,10,9
TRPDBN20250804187f9880,2025-08-04,KZN01,new,6,67,8,8
TRPCPT202508042f46d83d,2025-08-04,WC01,new,6,80,8,8
TRPPMB20250804ac8423dd,2025-08-04,KZN02,new,32,314,8,8
TRPCPT20250804d2b5308e,2025-08-04,WC01,repeated,8,98,7,6
TRPELS20250804588d96a2,2025-08-04,EC01,repeated,18,215,8,9
TRPRST20250804b43b82e1,2025-08-04,NW01,repeated,19,175,6,6
TRPJHB202508047314030a,2025-08-04,GP01,new,30,397,9,10
TRPBFN20250804ea53abb3,2025-08-04,FS01,new,9,90,9,7
TRPPLZ20250804438d0ce0,2025-08-04,WC02,repeated,24,215,6,8
TRPJHB2025080453edc1e6,2025-08-04,GP01,repeated,38,493,7,10
TRPPMB2025080421c826be,2025-08-04,KZN02,new,15,161,9,9
TRPCPT2025080436d9f3fc,2025-08-04,WC01,new,7,89,8,7
TRPJHB20250804c2c199e5,2025-08-04,GP01,new,19,265,10,8
TRPCPT20250804ba8224d3,2025-08-04,WC01,repeated,14,152,7,5
TRPCPT2025080469ec6cc9,2025-08-04,WC01,repeated,8,98,7,7
TRPPTA20250804b2a1d754,2025-08-04,GP02,new,15,196,10,8
TRPDBN202508045bcb9bca,2025-08-04,KZN01,repeated,12,115,5,8
TRPJHB202508045d29efb6,2025-08-04,GP01,new,31,409,10,8
TRPCPT20250804b0872fe1,2025-08-04,WC01,repeated,17,179,7,7
TRPNEL20250804d1df9153,2025-08-04,MP01,new,12,135,10,10
TRPJHB20250804990c0a62,2025-08-04,GP01,repeated,19,265,9,10
TRPPTA2025080408468b79,2025-08-04,GP02,repeated,37,438,7,9
TRPPMB202508048001c914,2025-08-04,KZN02,repeated,27,269,7,6
TRPDBN20250804b003806f,2025-08-04,KZN01,repeated,8,83,5,7
TRPDBN20250804120e3a44,2025-08-04,KZN01,repeated,11,107,5,5
TRPDBN20250804ec1c8a40,2025-08-04,KZN01,repeated,15,139,6,7
TRPBFN20250804a3c77b62,2025-08-04,FS01,repeated,12,114,7,7
TRPRST20250804b9a947f1,2025-08-04,NW01,repeated,14,135,8,9
TRPBFN2025080402d3ef25,2025-08-04,FS01,repeated,14,130,5,6
TRPDBN20250804603659b5,2025-08-04,KZN01,repeated,16,147,5,6
TRPPMB2025080441264ce1,2025-08-04,KZN02,repeated,16,170,6,8
TRPJHB2025080491ca2b99,2025-08-04,GP01,new,30,397,9,10
TRPBFN20250804386feacd,2025-08-04,FS01,repeated,12,114,6,5
TRPPMB2025080458aeeda5,2025-08-04,KZN02,repeated,18,188,7,7
TRPPMB20250804b07f7191,2025-08-04,KZN02,new,30,296,9,9
TRPPLZ202508042f3e5345,2025-08-04,WC02,repeated,17,159,8,9
TRPPTA202508040f4a530d,2025-08-04,GP02,repeated,34,405,7,10
TRPNEL202508042b2da954,2025-08-04,MP01,repeated,20,207,7,10
TRPJHB20250804c4e0eab6,2025-08-04,GP01,new,44,565,10,8
TRPDBN202508040e35f87b,2025-08-04,KZN01,repeated,12,115,7,5
TRPBFN2025080430549f57,2025-08-04,FS01,new,6,66,7,7
TRPJHB202508043d9b8076,2025-08-04,GP01,new,22,301,10,10
TRPBFN20250804ad54f901,2025-08-04,FS01,repeated,9,90,7,7
TRPPTA2025080430ae7e52,2025-08-04,GP02,repeated,33,394,7,8
TRPCPT2025080431ab1a7c,2025-08-04,WC01,repeated,14,152,7,7
TRPJHB20250804263f6c79,2025-08-04,GP01,new,35,457,9,9
TRPBFN2025080436b9ca03,2025-08-04,FS01,repeated,6,66,6,8
TRPPMB20250804359be53d,2025-08-04,KZN02,new,12,134,8,7
TRPJHB202508047545eeb7,2025-08-04,GP01,new,31,409,8,9
TRPPTA202508047108412d,2025-08-04,GP02,repeated,17,218,7,8
TRPPLZ20250804471bbda6,2025-08-04,WC02,new,13,127,9,8
TRPJHB2025080451cf3029,2025-08-04,GP01,repeated,43,553,7,8
TRPPLZ20250804e62a30e1,2025-08-04,WC02,repeated,14,135,8,7
TRPPMB202508045d1a46ab,2025-08-04,KZN02,new,33,323,10,7
TRPDBN20250804f44c9a5f,2025-08-04,KZN01,repeated,9,91,7,5
TRPBFN2025080498d5325a,2025-08-04,FS01,repeated,8,82,7,5
TRPDBN202508043e597260,2025-08-04,KZN01,repeated,11,107,5,6
TRPJHB20250804d948f622,2025-08-04,GP01,new,40,517,8,9
TRPELS20250804d5c11c4b,2025-08-04,EC01,new,15,185,8,9
TRPBFN20250804941fdd90,2025-08-04,FS01,repeated,5,58,5,5
TRPJHB20250804ee3b122e,2025-08-04,GP01,new,23,313,9,10
TRPBFN20250804c0fc83ab,2025-08-04,FS01,repeated,5,58,7,5
TRPPTA202508042bbc3a45,2025-08-04,GP02,new,10,141,10,9
TRPCPT2025080440755494,2025-08-04,WC01,repeated,13,143,7,8
TRPRST202508044fdb4cb5,2025-08-04,NW01,new,10,103,9,8
TRPPLZ2025080466fcdc55,2025-08-04,WC02,repeated,15,143,7,9
